ImageNumber,ObjectNumber,FileName_DNA,PathName_DNA,Children_FillObjects_Count,Location_Center_X,Location_Center_Y,Location_Center_Z,Number_Object_Number
1,1,NP_LMNA_K9me2_Pol2_Well2_40X_F00_C2_max_proj.tif,\\imaging_storage\shared\users\Amulya\converted_v2\normal\c2,1,319.0129285527349,176.3020675215912,0,1
1,2,NP_LMNA_K9me2_Pol2_Well2_40X_F00_C2_max_proj.tif,\\imaging_storage\shared\users\Amulya\converted_v2\normal\c2,1,130.90894426969916,387.20622630857326,0,2
2,1,NP_LMNA_K9me2_Pol2_Well2_40X_F01_C2_max_proj.tif,\\imaging_storage\shared\users\Amulya\converted_v2\normal\c2,1,438.95063504974036,89.95401363949196,0,1
2,2,NP_LMNA_K9me2_Pol2_Well2_40X_F01_C2_max_proj.tif,\\imaging_storage\shared\users\Amulya\converted_v2\normal\c2,1,167.0,364.0,0,2
2,3,NP_LMNA_K9me2_Pol2_Well2_40X_F01_C2_max_proj.tif,\\imaging_storage\shared\users\Amulya\converted_v2\normal\c2,1,123.161258672647,392.64202116476275,0,3
3,1,NP_LMNA_K9me2_Pol2_Well2_40X_F02_C2_max_proj.tif,\\imaging_storage\shared\users\Amulya\converted_v2\normal\c2,1,12.586638830897703,97.56367432150313,0,1
3,2,NP_LMNA_K9me2_Pol2_Well2_40X_F02_C2_max_proj.tif,\\imaging_storage\shared\users\Amulya\converted_v2\normal\c2,1,408.522642514651,109.11860681939265,0,2
3,3,NP_LMNA_K9me2_Pol2_Well2_40X_F02_C2_max_proj.tif,\\imaging_storage\shared\users\Amulya\converted_v2\normal\c2,1,94.2032659756916,319.6672134814704,0,3
3,4,NP_LMNA_K9me2_Pol2_Well2_40X_F02_C2_max_proj.tif,\\imaging_storage\shared\users\Amulya\converted_v2\normal\c2,1,381.0072463768116,313.48611618560466,0,4
4,1,NP_LMNA_K9me2_Pol2_Well2_40X_F03_C2_max_proj.tif,\\imaging_storage\shared\users\Amulya\converted_v2\normal\c2,1,494.1307692307692,2.996153846153846,0,1
4,2,NP_LMNA_K9me2_Pol2_Well2_40X_F03_C2_max_proj.tif,\\imaging_storage\shared\users\Amulya\converted_v2\normal\c2,1,136.4846403502151,225.81470299645255,0,2
4,3,NP_LMNA_K9me2_Pol2_Well2_40X_F03_C2_max_proj.tif,\\imaging_storage\shared\users\Amulya\converted_v2\normal\c2,1,392.64050351721585,158.47266444526718,0,3
4,4,NP_LMNA_K9me2_Pol2_Well2_40X_F03_C2_max_proj.tif,\\imaging_storage\shared\users\Amulya\converted_v2\normal\c2,1,318.11914574747095,332.93293368302733,0,4
4,5,NP_LMNA_K9me2_Pol2_Well2_40X_F03_C2_max_proj.tif,\\imaging_storage\shared\users\Amulya\converted_v2\normal\c2,1,314.0983606557377,386.44521857923496,0,5
5,1,NP_LMNA_K9me2_Pol2_Well2_40X_F04_C2_max_proj.tif,\\imaging_storage\shared\users\Amulya\converted_v2\normal\c2,0,1.0,3.0,0,1
5,2,NP_LMNA_K9me2_Pol2_Well2_40X_F04_C2_max_proj.tif,\\imaging_storage\shared\users\Amulya\converted_v2\normal\c2,1,436.5501730103806,95.4938210578349,0,2
5,3,NP_LMNA_K9me2_Pol2_Well2_40X_F04_C2_max_proj.tif,\\imaging_storage\shared\users\Amulya\converted_v2\normal\c2,1,27.461126537088457,48.09758032526775,0,3
5,4,NP_LMNA_K9me2_Pol2_Well2_40X_F04_C2_max_proj.tif,\\imaging_storage\shared\users\Amulya\converted_v2\normal\c2,1,151.7550062578223,140.34136420525658,0,4
5,5,NP_LMNA_K9me2_Pol2_Well2_40X_F04_C2_max_proj.tif,\\imaging_storage\shared\users\Amulya\converted_v2\normal\c2,1,237.10398766248073,237.79433795990306,0,5
5,6,NP_LMNA_K9me2_Pol2_Well2_40X_F04_C2_max_proj.tif,\\imaging_storage\shared\users\Amulya\converted_v2\normal\c2,1,378.1388787768475,371.29705132872226,0,6
5,7,NP_LMNA_K9me2_Pol2_Well2_40X_F04_C2_max_proj.tif,\\imaging_storage\shared\users\Amulya\converted_v2\normal\c2,1,87.30438813349815,383.8569221260816,0,7
6,1,NP_LMNA_K9me2_Pol2_Well2_40X_F05_C2_max_proj.tif,\\imaging_storage\shared\users\Amulya\converted_v2\normal\c2,1,338.05669746428424,184.09031706622167,0,1
6,2,NP_LMNA_K9me2_Pol2_Well2_40X_F05_C2_max_proj.tif,\\imaging_storage\shared\users\Amulya\converted_v2\normal\c2,1,132.65729898516784,169.69320843091336,0,2
6,3,NP_LMNA_K9me2_Pol2_Well2_40X_F05_C2_max_proj.tif,\\imaging_storage\shared\users\Amulya\converted_v2\normal\c2,1,274.95850914205346,246.22573839662448,0,3
6,4,NP_LMNA_K9me2_Pol2_Well2_40X_F05_C2_max_proj.tif,\\imaging_storage\shared\users\Amulya\converted_v2\normal\c2,1,75.42407307898979,304.73659322944656,0,4
6,5,NP_LMNA_K9me2_Pol2_Well2_40X_F05_C2_max_proj.tif,\\imaging_storage\shared\users\Amulya\converted_v2\normal\c2,1,399.1842258682435,385.98709086366284,0,5
7,1,NP_LMNA_K9me2_Pol2_Well2_40X_F06_C2_max_proj.tif,\\imaging_storage\shared\users\Amulya\converted_v2\normal\c2,1,118.0,29.0,0,1
7,2,NP_LMNA_K9me2_Pol2_Well2_40X_F06_C2_max_proj.tif,\\imaging_storage\shared\users\Amulya\converted_v2\normal\c2,1,126.05116099071208,100.62082043343653,0,2
7,3,NP_LMNA_K9me2_Pol2_Well2_40X_F06_C2_max_proj.tif,\\imaging_storage\shared\users\Amulya\converted_v2\normal\c2,1,246.0,187.0,0,3
7,4,NP_LMNA_K9me2_Pol2_Well2_40X_F06_C2_max_proj.tif,\\imaging_storage\shared\users\Amulya\converted_v2\normal\c2,1,285.5847132229422,139.35565154787616,0,4
7,5,NP_LMNA_K9me2_Pol2_Well2_40X_F06_C2_max_proj.tif,\\imaging_storage\shared\users\Amulya\converted_v2\normal\c2,1,229.89412908715207,229.30849641424578,0,5
7,6,NP_LMNA_K9me2_Pol2_Well2_40X_F06_C2_max_proj.tif,\\imaging_storage\shared\users\Amulya\converted_v2\normal\c2,1,443.6001287001287,434.267824967825,0,6
8,1,NP_LMNA_K9me2_Pol2_Well2_40X_F07_C2_max_proj.tif,\\imaging_storage\shared\users\Amulya\converted_v2\normal\c2,1,265.0,364.0,0,1
8,2,NP_LMNA_K9me2_Pol2_Well2_40X_F07_C2_max_proj.tif,\\imaging_storage\shared\users\Amulya\converted_v2\normal\c2,1,79.87332053742803,381.6743151282499,0,2
8,3,NP_LMNA_K9me2_Pol2_Well2_40X_F07_C2_max_proj.tif,\\imaging_storage\shared\users\Amulya\converted_v2\normal\c2,1,269.88939102926224,385.625240085866,0,3
9,1,NP_LMNA_K9me2_Pol2_Well2_40X_F08_C2_max_proj.tif,\\imaging_storage\shared\users\Amulya\converted_v2\normal\c2,1,359.0211616389014,13.457901846015309,0,1
9,2,NP_LMNA_K9me2_Pol2_Well2_40X_F08_C2_max_proj.tif,\\imaging_storage\shared\users\Amulya\converted_v2\normal\c2,1,75.04075829383886,78.45157977883096,0,2
9,3,NP_LMNA_K9me2_Pol2_Well2_40X_F08_C2_max_proj.tif,\\imaging_storage\shared\users\Amulya\converted_v2\normal\c2,1,348.62034239677746,116.05065458207451,0,3
9,4,NP_LMNA_K9me2_Pol2_Well2_40X_F08_C2_max_proj.tif,\\imaging_storage\shared\users\Amulya\converted_v2\normal\c2,1,272.4537636397263,213.00952469021638,0,4
9,5,NP_LMNA_K9me2_Pol2_Well2_40X_F08_C2_max_proj.tif,\\imaging_storage\shared\users\Amulya\converted_v2\normal\c2,1,105.42277209752557,306.4293060681227,0,5
10,1,NP_LMNA_K9me2_Pol2_Well2_40X_F09_C2_max_proj.tif,\\imaging_storage\shared\users\Amulya\converted_v2\normal\c2,1,276.1464058234759,177.37870791628754,0,1
10,2,NP_LMNA_K9me2_Pol2_Well2_40X_F09_C2_max_proj.tif,\\imaging_storage\shared\users\Amulya\converted_v2\normal\c2,1,160.3322680412371,220.07917525773195,0,2
10,3,NP_LMNA_K9me2_Pol2_Well2_40X_F09_C2_max_proj.tif,\\imaging_storage\shared\users\Amulya\converted_v2\normal\c2,1,379.63700359629655,230.86219297574414,0,3
11,1,NP_LMNA_K9me2_Pol2_Well2_40X_F10_C2_max_proj.tif,\\imaging_storage\shared\users\Amulya\converted_v2\normal\c2,1,474.2196261682243,33.5618691588785,0,1
11,2,NP_LMNA_K9me2_Pol2_Well2_40X_F10_C2_max_proj.tif,\\imaging_storage\shared\users\Amulya\converted_v2\normal\c2,1,287.1672306090578,70.21733472149921,0,2
11,3,NP_LMNA_K9me2_Pol2_Well2_40X_F10_C2_max_proj.tif,\\imaging_storage\shared\users\Amulya\converted_v2\normal\c2,1,96.20448736154502,198.8728580895579,0,3
11,4,NP_LMNA_K9me2_Pol2_Well2_40X_F10_C2_max_proj.tif,\\imaging_storage\shared\users\Amulya\converted_v2\normal\c2,1,345.5060029282577,344.0311371400683,0,4
12,1,NP_LMNA_K9me2_Pol2_Well2_40X_F11_C2_max_proj.tif,\\imaging_storage\shared\users\Amulya\converted_v2\normal\c2,1,313.3948468643656,93.4371414681575,0,1
12,2,NP_LMNA_K9me2_Pol2_Well2_40X_F11_C2_max_proj.tif,\\imaging_storage\shared\users\Amulya\converted_v2\normal\c2,1,279.5061693376826,208.98425755212025,0,2
12,3,NP_LMNA_K9me2_Pol2_Well2_40X_F11_C2_max_proj.tif,\\imaging_storage\shared\users\Amulya\converted_v2\normal\c2,1,184.4362351814154,418.83522931385465,0,3
13,1,NP_LMNA_K9me2_Pol2_Well2_40X_F12_C2_max_proj.tif,\\imaging_storage\shared\users\Amulya\converted_v2\normal\c2,1,354.8462254691305,165.410542902163,0,1
13,2,NP_LMNA_K9me2_Pol2_Well2_40X_F12_C2_max_proj.tif,\\imaging_storage\shared\users\Amulya\converted_v2\normal\c2,1,161.7801411187238,268.41773187442476,0,2
13,3,NP_LMNA_K9me2_Pol2_Well2_40X_F12_C2_max_proj.tif,\\imaging_storage\shared\users\Amulya\converted_v2\normal\c2,1,184.84183329588856,439.02538755335877,0,3
13,4,NP_LMNA_K9me2_Pol2_Well2_40X_F12_C2_max_proj.tif,\\imaging_storage\shared\users\Amulya\converted_v2\normal\c2,1,287.1297709923664,502.34569247546347,0,4
14,1,NP_LMNA_K9me2_Pol2_Well2_40X_F13_C2_max_proj.tif,\\imaging_storage\shared\users\Amulya\converted_v2\normal\c2,1,166.70654396728017,80.85625426039536,0,1
14,2,NP_LMNA_K9me2_Pol2_Well2_40X_F13_C2_max_proj.tif,\\imaging_storage\shared\users\Amulya\converted_v2\normal\c2,1,258.5240651784873,211.34152773853253,0,2
15,1,NP_LMNA_K9me2_Pol2_Well2_40X_F14_C2_max_proj.tif,\\imaging_storage\shared\users\Amulya\converted_v2\normal\c2,1,90.66897486075568,127.0068493150685,0,1
15,2,NP_LMNA_K9me2_Pol2_Well2_40X_F14_C2_max_proj.tif,\\imaging_storage\shared\users\Amulya\converted_v2\normal\c2,1,396.236309167166,230.7210305572199,0,2
15,3,NP_LMNA_K9me2_Pol2_Well2_40X_F14_C2_max_proj.tif,\\imaging_storage\shared\users\Amulya\converted_v2\normal\c2,1,281.44049547403523,405.72024773701764,0,3
16,1,NP_LMNA_K9me2_Pol2_Well6_40X_F00_C2_max_proj.tif,\\imaging_storage\shared\users\Amulya\converted_v2\normal\c2,1,281.71647548994395,231.95684378375597,0,1
17,1,NP_LMNA_K9me2_Pol2_Well6_40X_F01_C2_max_proj.tif,\\imaging_storage\shared\users\Amulya\converted_v2\normal\c2,1,257.9601439247163,244.69360642125656,0,1
18,1,NP_LMNA_K9me2_Pol2_Well6_40X_F02_C2_max_proj.tif,\\imaging_storage\shared\users\Amulya\converted_v2\normal\c2,1,342.21950713359274,156.70448767833983,0,1
18,2,NP_LMNA_K9me2_Pol2_Well6_40X_F02_C2_max_proj.tif,\\imaging_storage\shared\users\Amulya\converted_v2\normal\c2,1,132.20600366636114,395.4415673693859,0,2
19,1,NP_LMNA_K9me2_Pol2_Well6_40X_F03_C2_max_proj.tif,\\imaging_storage\shared\users\Amulya\converted_v2\normal\c2,1,368.1129913391073,94.654763491006,0,1
19,2,NP_LMNA_K9me2_Pol2_Well6_40X_F03_C2_max_proj.tif,\\imaging_storage\shared\users\Amulya\converted_v2\normal\c2,1,325.0,128.0,0,2
19,3,NP_LMNA_K9me2_Pol2_Well6_40X_F03_C2_max_proj.tif,\\imaging_storage\shared\users\Amulya\converted_v2\normal\c2,1,58.0,413.0,0,3
19,4,NP_LMNA_K9me2_Pol2_Well6_40X_F03_C2_max_proj.tif,\\imaging_storage\shared\users\Amulya\converted_v2\normal\c2,1,151.44536359063216,415.868201889218,0,4
20,1,NP_LMNA_K9me2_Pol2_Well6_40X_F04_C2_max_proj.tif,\\imaging_storage\shared\users\Amulya\converted_v2\normal\c2,1,1.641025641025641,9.435897435897436,0,1
20,2,NP_LMNA_K9me2_Pol2_Well6_40X_F04_C2_max_proj.tif,\\imaging_storage\shared\users\Amulya\converted_v2\normal\c2,1,93.11023622047244,142.44094488188978,0,2
20,3,NP_LMNA_K9me2_Pol2_Well6_40X_F04_C2_max_proj.tif,\\imaging_storage\shared\users\Amulya\converted_v2\normal\c2,1,274.1147550532999,254.20807362963825,0,3
21,1,NP_LMNA_K9me2_Pol2_Well6_40X_F05_C2_max_proj.tif,\\imaging_storage\shared\users\Amulya\converted_v2\normal\c2,1,59.0,19.0,0,1
21,2,NP_LMNA_K9me2_Pol2_Well6_40X_F05_C2_max_proj.tif,\\imaging_storage\shared\users\Amulya\converted_v2\normal\c2,1,164.7166606803838,153.50941556775618,0,2
21,3,NP_LMNA_K9me2_Pol2_Well6_40X_F05_C2_max_proj.tif,\\imaging_storage\shared\users\Amulya\converted_v2\normal\c2,1,396.0246905823962,432.63686624363885,0,3
21,4,NP_LMNA_K9me2_Pol2_Well6_40X_F05_C2_max_proj.tif,\\imaging_storage\shared\users\Amulya\converted_v2\normal\c2,1,88.16593695271453,443.10872737886746,0,4
21,5,NP_LMNA_K9me2_Pol2_Well6_40X_F05_C2_max_proj.tif,\\imaging_storage\shared\users\Amulya\converted_v2\normal\c2,1,43.39193871967901,465.1977019879628,0,5
22,1,NP_LMNA_K9me2_Pol2_Well6_40X_F06_C2_max_proj.tif,\\imaging_storage\shared\users\Amulya\converted_v2\normal\c2,1,308.2788377192982,111.84243421052632,0,1
22,2,NP_LMNA_K9me2_Pol2_Well6_40X_F06_C2_max_proj.tif,\\imaging_storage\shared\users\Amulya\converted_v2\normal\c2,1,177.0,197.0,0,2
22,3,NP_LMNA_K9me2_Pol2_Well6_40X_F06_C2_max_proj.tif,\\imaging_storage\shared\users\Amulya\converted_v2\normal\c2,1,224.82351937190646,192.43830005120327,0,3
22,4,NP_LMNA_K9me2_Pol2_Well6_40X_F06_C2_max_proj.tif,\\imaging_storage\shared\users\Amulya\converted_v2\normal\c2,1,260.1530188679245,397.3395283018868,0,4
23,1,NP_LMNA_K9me2_Pol2_Well6_40X_F07_C2_max_proj.tif,\\imaging_storage\shared\users\Amulya\converted_v2\normal\c2,1,118.0,29.0,0,1
23,2,NP_LMNA_K9me2_Pol2_Well6_40X_F07_C2_max_proj.tif,\\imaging_storage\shared\users\Amulya\converted_v2\normal\c2,1,215.76763819095478,19.09527638190955,0,2
23,3,NP_LMNA_K9me2_Pol2_Well6_40X_F07_C2_max_proj.tif,\\imaging_storage\shared\users\Amulya\converted_v2\normal\c2,1,28.926937269372694,56.53579335793358,0,3
23,4,NP_LMNA_K9me2_Pol2_Well6_40X_F07_C2_max_proj.tif,\\imaging_storage\shared\users\Amulya\converted_v2\normal\c2,1,112.75737165095046,94.2627600658584,0,4
23,5,NP_LMNA_K9me2_Pol2_Well6_40X_F07_C2_max_proj.tif,\\imaging_storage\shared\users\Amulya\converted_v2\normal\c2,1,223.60681687623668,216.62462500797855,0,5
23,6,NP_LMNA_K9me2_Pol2_Well6_40X_F07_C2_max_proj.tif,\\imaging_storage\shared\users\Amulya\converted_v2\normal\c2,1,148.0,187.0,0,6
23,7,NP_LMNA_K9me2_Pol2_Well6_40X_F07_C2_max_proj.tif,\\imaging_storage\shared\users\Amulya\converted_v2\normal\c2,1,111.08926449227519,359.04608477485806,0,7
23,8,NP_LMNA_K9me2_Pol2_Well6_40X_F07_C2_max_proj.tif,\\imaging_storage\shared\users\Amulya\converted_v2\normal\c2,1,356.496640537514,466.4662187383352,0,8
24,1,NP_LMNA_K9me2_Pol2_Well6_40X_F08_C2_max_proj.tif,\\imaging_storage\shared\users\Amulya\converted_v2\normal\c2,1,418.2053496795765,341.8476455837281,0,1
24,2,NP_LMNA_K9me2_Pol2_Well6_40X_F08_C2_max_proj.tif,\\imaging_storage\shared\users\Amulya\converted_v2\normal\c2,1,433.80759307040177,436.07175328664454,0,2
24,3,NP_LMNA_K9me2_Pol2_Well6_40X_F08_C2_max_proj.tif,\\imaging_storage\shared\users\Amulya\converted_v2\normal\c2,1,253.41020069027226,482.92816055221783,0,3
25,1,NP_LMNA_K9me2_Pol2_Well6_40X_F09_C2_max_proj.tif,\\imaging_storage\shared\users\Amulya\converted_v2\normal\c2,1,164.16556344206077,118.64797830768003,0,1
25,2,NP_LMNA_K9me2_Pol2_Well6_40X_F09_C2_max_proj.tif,\\imaging_storage\shared\users\Amulya\converted_v2\normal\c2,1,411.69050859598855,122.24237106017192,0,2
25,3,NP_LMNA_K9me2_Pol2_Well6_40X_F09_C2_max_proj.tif,\\imaging_storage\shared\users\Amulya\converted_v2\normal\c2,1,346.25576577820743,335.27510012429224,0,3
26,1,PostEX_NP_IF_LMNA_K9me2_K9me3_10_C2_max_proj.tif,\\imaging_storage\shared\users\Amulya\converted_v2\normal\c2,1,177.0,138.0,0,1
26,2,PostEX_NP_IF_LMNA_K9me2_K9me3_10_C2_max_proj.tif,\\imaging_storage\shared\users\Amulya\converted_v2\normal\c2,1,265.6351586557772,268.1257821216584,0,2
27,1,PostEX_NP_IF_LMNA_K9me2_K9me3_11_C2_max_proj.tif,\\imaging_storage\shared\users\Amulya\converted_v2\normal\c2,1,278.4071958272718,243.44349430507754,0,1
27,2,PostEX_NP_IF_LMNA_K9me2_K9me3_11_C2_max_proj.tif,\\imaging_storage\shared\users\Amulya\converted_v2\normal\c2,1,228.27316202712348,311.63882940756605,0,2
27,3,PostEX_NP_IF_LMNA_K9me2_K9me3_11_C2_max_proj.tif,\\imaging_storage\shared\users\Amulya\converted_v2\normal\c2,1,288.6680482290882,292.61115297663906,0,3
27,4,PostEX_NP_IF_LMNA_K9me2_K9me3_11_C2_max_proj.tif,\\imaging_storage\shared\users\Amulya\converted_v2\normal\c2,1,234.537841191067,311.1197270471464,0,4
28,1,PostEX_NP_IF_LMNA_K9me2_K9me3_12_C2_max_proj.tif,\\imaging_storage\shared\users\Amulya\converted_v2\normal\c2,1,235.6894310998736,265.68553729456386,0,1
29,1,PostEX_NP_IF_LMNA_K9me2_K9me3_13_C2_max_proj.tif,\\imaging_storage\shared\users\Amulya\converted_v2\normal\c2,1,266.83584552406944,244.124837368705,0,1
30,1,PostEX_NP_IF_LMNA_K9me2_K9me3_14_C2_max_proj.tif,\\imaging_storage\shared\users\Amulya\converted_v2\normal\c2,1,312.28895339284736,159.3500739361411,0,1
30,2,PostEX_NP_IF_LMNA_K9me2_K9me3_14_C2_max_proj.tif,\\imaging_storage\shared\users\Amulya\converted_v2\normal\c2,1,29.0,285.0,0,2
30,3,PostEX_NP_IF_LMNA_K9me2_K9me3_14_C2_max_proj.tif,\\imaging_storage\shared\users\Amulya\converted_v2\normal\c2,1,389.10932694047403,232.12714854351367,0,3
30,4,PostEX_NP_IF_LMNA_K9me2_K9me3_14_C2_max_proj.tif,\\imaging_storage\shared\users\Amulya\converted_v2\normal\c2,1,103.62674657777147,312.8448826157884,0,4
31,1,PostEX_NP_IF_LMNA_K9me2_K9me3_15_C2_max_proj.tif,\\imaging_storage\shared\users\Amulya\converted_v2\normal\c2,1,243.24402238000852,261.48059312040544,0,1
32,1,PostEX_NP_IF_LMNA_K9me2_K9me3_16_C2_max_proj.tif,\\imaging_storage\shared\users\Amulya\converted_v2\normal\c2,1,261.85737505079237,170.25152377082486,0,1
32,2,PostEX_NP_IF_LMNA_K9me2_K9me3_16_C2_max_proj.tif,\\imaging_storage\shared\users\Amulya\converted_v2\normal\c2,1,286.24718303190986,278.05212574566804,0,2
32,3,PostEX_NP_IF_LMNA_K9me2_K9me3_16_C2_max_proj.tif,\\imaging_storage\shared\users\Amulya\converted_v2\normal\c2,1,196.81981193964575,212.2534441285808,0,3
33,1,PostEX_NP_IF_LMNA_K9me2_K9me3_17_C2_max_proj.tif,\\imaging_storage\shared\users\Amulya\converted_v2\normal\c2,1,268.5685941239724,277.06219431822126,0,1
34,1,PostEX_NP_IF_LMNA_K9me2_K9me3_18_C2_max_proj.tif,\\imaging_storage\shared\users\Amulya\converted_v2\normal\c2,1,254.24098508811568,252.38007230004519,0,1
35,1,PostEX_NP_IF_LMNA_K9me2_K9me3_1_C2_max_proj.tif,\\imaging_storage\shared\users\Amulya\converted_v2\normal\c2,1,266.0,157.0,0,1
35,2,PostEX_NP_IF_LMNA_K9me2_K9me3_1_C2_max_proj.tif,\\imaging_storage\shared\users\Amulya\converted_v2\normal\c2,1,186.0,354.0,0,2
35,3,PostEX_NP_IF_LMNA_K9me2_K9me3_1_C2_max_proj.tif,\\imaging_storage\shared\users\Amulya\converted_v2\normal\c2,1,251.44203905761344,273.73139203558276,0,3
36,1,PostEX_NP_IF_LMNA_K9me2_K9me3_2_C2_max_proj.tif,\\imaging_storage\shared\users\Amulya\converted_v2\normal\c2,1,237.51102785985648,262.9450189953567,0,1
36,2,PostEX_NP_IF_LMNA_K9me2_K9me3_2_C2_max_proj.tif,\\imaging_storage\shared\users\Amulya\converted_v2\normal\c2,1,317.5791075601935,310.4816022609924,0,2
37,1,PostEX_NP_IF_LMNA_K9me2_K9me3_3_C2_max_proj.tif,\\imaging_storage\shared\users\Amulya\converted_v2\normal\c2,1,245.6719064386318,271.7959758551308,0,1
38,1,PostEX_NP_IF_LMNA_K9me2_K9me3_4_C2_max_proj.tif,\\imaging_storage\shared\users\Amulya\converted_v2\normal\c2,1,378.7367737263588,151.43248423922304,0,1
38,2,PostEX_NP_IF_LMNA_K9me2_K9me3_4_C2_max_proj.tif,\\imaging_storage\shared\users\Amulya\converted_v2\normal\c2,1,187.93490817535545,352.76456975710903,0,2
39,1,PostEX_NP_IF_LMNA_K9me2_K9me3_5_C2_max_proj.tif,\\imaging_storage\shared\users\Amulya\converted_v2\normal\c2,1,283.52934902284613,235.62269474263695,0,1
39,2,PostEX_NP_IF_LMNA_K9me2_K9me3_5_C2_max_proj.tif,\\imaging_storage\shared\users\Amulya\converted_v2\normal\c2,1,284.44540189292275,274.3175589772567,0,2
39,3,PostEX_NP_IF_LMNA_K9me2_K9me3_5_C2_max_proj.tif,\\imaging_storage\shared\users\Amulya\converted_v2\normal\c2,1,188.40218442459752,352.7625007110757,0,3
40,1,PostEX_NP_IF_LMNA_K9me2_K9me3_6_C2_max_proj.tif,\\imaging_storage\shared\users\Amulya\converted_v2\normal\c2,1,247.9462642687331,248.56969674972325,0,1
41,1,PostEX_NP_IF_LMNA_K9me2_K9me3_7_C2_max_proj.tif,\\imaging_storage\shared\users\Amulya\converted_v2\normal\c2,1,237.39833858109466,227.78459614568678,0,1
42,1,PostEX_NP_IF_LMNA_K9me2_K9me3_8_C2_max_proj.tif,\\imaging_storage\shared\users\Amulya\converted_v2\normal\c2,1,256.92392919039366,259.9355966823471,0,1
43,1,PostEX_NP_IF_LMNA_K9me2_K9me3_9_C2_max_proj.tif,\\imaging_storage\shared\users\Amulya\converted_v2\normal\c2,1,314.0,157.0,0,1
43,2,PostEX_NP_IF_LMNA_K9me2_K9me3_9_C2_max_proj.tif,\\imaging_storage\shared\users\Amulya\converted_v2\normal\c2,1,261.7398033137836,243.02015922217515,0,2
44,1,PostEX_NP_IF_LMNA_K9me2_K9me3_C2_max_proj.tif,\\imaging_storage\shared\users\Amulya\converted_v2\normal\c2,1,220.52690848005972,202.92229204255585,0,1
44,2,PostEX_NP_IF_LMNA_K9me2_K9me3_C2_max_proj.tif,\\imaging_storage\shared\users\Amulya\converted_v2\normal\c2,1,285.3743916826427,289.9616207049108,0,2
45,1,PostEX_NP_IF_LMNA_Nup_LMNB1_10_C2_max_proj.tif,\\imaging_storage\shared\users\Amulya\converted_v2\normal\c2,1,197.38655006031362,194.9908021712907,0,1
45,2,PostEX_NP_IF_LMNA_Nup_LMNB1_10_C2_max_proj.tif,\\imaging_storage\shared\users\Amulya\converted_v2\normal\c2,1,322.2165123048425,271.8328129134692,0,2
45,3,PostEX_NP_IF_LMNA_Nup_LMNB1_10_C2_max_proj.tif,\\imaging_storage\shared\users\Amulya\converted_v2\normal\c2,1,127.0,285.0,0,3
45,4,PostEX_NP_IF_LMNA_Nup_LMNB1_10_C2_max_proj.tif,\\imaging_storage\shared\users\Amulya\converted_v2\normal\c2,1,62.39473684210526,318.19473684210527,0,4
45,5,PostEX_NP_IF_LMNA_Nup_LMNB1_10_C2_max_proj.tif,\\imaging_storage\shared\users\Amulya\converted_v2\normal\c2,1,238.11566906616704,398.003944384183,0,5
46,1,PostEX_NP_IF_LMNA_Nup_LMNB1_11_C2_max_proj.tif,\\imaging_storage\shared\users\Amulya\converted_v2\normal\c2,1,305.0,197.0,0,1
46,2,PostEX_NP_IF_LMNA_Nup_LMNB1_11_C2_max_proj.tif,\\imaging_storage\shared\users\Amulya\converted_v2\normal\c2,1,272.189125114714,281.0682165799939,0,2
46,3,PostEX_NP_IF_LMNA_Nup_LMNB1_11_C2_max_proj.tif,\\imaging_storage\shared\users\Amulya\converted_v2\normal\c2,1,60.214285714285715,467.49389806173724,0,3
47,1,PostEX_NP_IF_LMNA_Nup_LMNB1_12_C2_max_proj.tif,\\imaging_storage\shared\users\Amulya\converted_v2\normal\c2,1,17.26625386996904,21.241486068111456,0,1
47,2,PostEX_NP_IF_LMNA_Nup_LMNB1_12_C2_max_proj.tif,\\imaging_storage\shared\users\Amulya\converted_v2\normal\c2,1,253.71485086201082,218.10568904673065,0,2
48,1,PostEX_NP_IF_LMNA_Nup_LMNB1_14_C2_max_proj.tif,\\imaging_storage\shared\users\Amulya\converted_v2\normal\c2,1,341.3722696312534,197.67086823768886,0,1
48,2,PostEX_NP_IF_LMNA_Nup_LMNB1_14_C2_max_proj.tif,\\imaging_storage\shared\users\Amulya\converted_v2\normal\c2,1,303.4765100671141,302.51472562179237,0,2
48,3,PostEX_NP_IF_LMNA_Nup_LMNB1_14_C2_max_proj.tif,\\imaging_storage\shared\users\Amulya\converted_v2\normal\c2,1,199.72393853231526,270.8454362480432,0,3
49,1,PostEX_NP_IF_LMNA_Nup_LMNB1_15_C2_max_proj.tif,\\imaging_storage\shared\users\Amulya\converted_v2\normal\c2,1,169.23529411764707,1.7647058823529411,0,1
49,2,PostEX_NP_IF_LMNA_Nup_LMNB1_15_C2_max_proj.tif,\\imaging_storage\shared\users\Amulya\converted_v2\normal\c2,1,291.05068306443945,198.89540080509684,0,2
49,3,PostEX_NP_IF_LMNA_Nup_LMNB1_15_C2_max_proj.tif,\\imaging_storage\shared\users\Amulya\converted_v2\normal\c2,1,139.1228028503563,238.1185273159145,0,3
49,4,PostEX_NP_IF_LMNA_Nup_LMNB1_15_C2_max_proj.tif,\\imaging_storage\shared\users\Amulya\converted_v2\normal\c2,1,201.51052229854977,290.1324828263003,0,4
49,5,PostEX_NP_IF_LMNA_Nup_LMNB1_15_C2_max_proj.tif,\\imaging_storage\shared\users\Amulya\converted_v2\normal\c2,1,310.423792978271,310.73510345900536,0,5
50,1,PostEX_NP_IF_LMNA_Nup_LMNB1_16_C2_max_proj.tif,\\imaging_storage\shared\users\Amulya\converted_v2\normal\c2,1,314.0,157.0,0,1
50,2,PostEX_NP_IF_LMNA_Nup_LMNB1_16_C2_max_proj.tif,\\imaging_storage\shared\users\Amulya\converted_v2\normal\c2,1,157.0,167.0,0,2
50,3,PostEX_NP_IF_LMNA_Nup_LMNB1_16_C2_max_proj.tif,\\imaging_storage\shared\users\Amulya\converted_v2\normal\c2,1,264.52316553969445,243.2771099423992,0,3
51,1,PostEX_NP_IF_LMNA_Nup_LMNB1_17_C2_max_proj.tif,\\imaging_storage\shared\users\Amulya\converted_v2\normal\c2,1,217.40347207697135,177.45994561807154,0,1
51,2,PostEX_NP_IF_LMNA_Nup_LMNB1_17_C2_max_proj.tif,\\imaging_storage\shared\users\Amulya\converted_v2\normal\c2,1,335.7530799475754,226.72883355176933,0,2
51,3,PostEX_NP_IF_LMNA_Nup_LMNB1_17_C2_max_proj.tif,\\imaging_storage\shared\users\Amulya\converted_v2\normal\c2,1,144.41020881670534,213.82041763341067,0,3
51,4,PostEX_NP_IF_LMNA_Nup_LMNB1_17_C2_max_proj.tif,\\imaging_storage\shared\users\Amulya\converted_v2\normal\c2,1,284.2206670637284,281.3792435973794,0,4
52,1,PostEX_NP_IF_LMNA_Nup_LMNB1_18_C2_max_proj.tif,\\imaging_storage\shared\users\Amulya\converted_v2\normal\c2,1,268.6776939045103,253.92617474995282,0,1
53,1,PostEX_NP_IF_LMNA_Nup_LMNB1_19_C2_max_proj.tif,\\imaging_storage\shared\users\Amulya\converted_v2\normal\c2,1,467.49973016729626,21.26011872638964,0,1
53,2,PostEX_NP_IF_LMNA_Nup_LMNB1_19_C2_max_proj.tif,\\imaging_storage\shared\users\Amulya\converted_v2\normal\c2,1,80.5,40.0,0,2
53,3,PostEX_NP_IF_LMNA_Nup_LMNB1_19_C2_max_proj.tif,\\imaging_storage\shared\users\Amulya\converted_v2\normal\c2,1,300.7501135847342,93.31361777704349,0,3
53,4,PostEX_NP_IF_LMNA_Nup_LMNB1_19_C2_max_proj.tif,\\imaging_storage\shared\users\Amulya\converted_v2\normal\c2,1,484.3382849426063,92.20481656538375,0,4
53,5,PostEX_NP_IF_LMNA_Nup_LMNB1_19_C2_max_proj.tif,\\imaging_storage\shared\users\Amulya\converted_v2\normal\c2,1,65.61767935578331,223.8540141532455,0,5
53,6,PostEX_NP_IF_LMNA_Nup_LMNB1_19_C2_max_proj.tif,\\imaging_storage\shared\users\Amulya\converted_v2\normal\c2,1,400.11603553365325,163.1253728439891,0,6
53,7,PostEX_NP_IF_LMNA_Nup_LMNB1_19_C2_max_proj.tif,\\imaging_storage\shared\users\Amulya\converted_v2\normal\c2,1,307.1212121212121,208.56060606060606,0,7
53,8,PostEX_NP_IF_LMNA_Nup_LMNB1_19_C2_max_proj.tif,\\imaging_storage\shared\users\Amulya\converted_v2\normal\c2,1,248.36,217.56,0,8
53,9,PostEX_NP_IF_LMNA_Nup_LMNB1_19_C2_max_proj.tif,\\imaging_storage\shared\users\Amulya\converted_v2\normal\c2,1,161.0,222.0,0,9
53,10,PostEX_NP_IF_LMNA_Nup_LMNB1_19_C2_max_proj.tif,\\imaging_storage\shared\users\Amulya\converted_v2\normal\c2,1,483.37579617834393,230.19108280254778,0,10
53,11,PostEX_NP_IF_LMNA_Nup_LMNB1_19_C2_max_proj.tif,\\imaging_storage\shared\users\Amulya\converted_v2\normal\c2,1,452.4791666666667,238.99583333333334,0,11
53,12,PostEX_NP_IF_LMNA_Nup_LMNB1_19_C2_max_proj.tif,\\imaging_storage\shared\users\Amulya\converted_v2\normal\c2,1,59.76470588235294,297.47058823529414,0,12
53,13,PostEX_NP_IF_LMNA_Nup_LMNB1_19_C2_max_proj.tif,\\imaging_storage\shared\users\Amulya\converted_v2\normal\c2,1,341.55882352941177,301.04411764705884,0,13
53,14,PostEX_NP_IF_LMNA_Nup_LMNB1_19_C2_max_proj.tif,\\imaging_storage\shared\users\Amulya\converted_v2\normal\c2,1,6.333333333333333,354.1666666666667,0,14
53,15,PostEX_NP_IF_LMNA_Nup_LMNB1_19_C2_max_proj.tif,\\imaging_storage\shared\users\Amulya\converted_v2\normal\c2,1,70.86779159000135,427.5281604810842,0,15
53,16,PostEX_NP_IF_LMNA_Nup_LMNB1_19_C2_max_proj.tif,\\imaging_storage\shared\users\Amulya\converted_v2\normal\c2,1,1.2653061224489797,403.3469387755102,0,16
53,17,PostEX_NP_IF_LMNA_Nup_LMNB1_19_C2_max_proj.tif,\\imaging_storage\shared\users\Amulya\converted_v2\normal\c2,1,171.55706947429778,357.28576633028524,0,17
53,18,PostEX_NP_IF_LMNA_Nup_LMNB1_19_C2_max_proj.tif,\\imaging_storage\shared\users\Amulya\converted_v2\normal\c2,1,228.5483870967742,471.40860215053766,0,18
53,19,PostEX_NP_IF_LMNA_Nup_LMNB1_19_C2_max_proj.tif,\\imaging_storage\shared\users\Amulya\converted_v2\normal\c2,1,154.63314285714284,502.9622857142857,0,19
54,1,PostEX_NP_IF_LMNA_Nup_LMNB1_1_C2_max_proj.tif,\\imaging_storage\shared\users\Amulya\converted_v2\normal\c2,1,213.86307929969104,256.71637487126674,0,1
54,2,PostEX_NP_IF_LMNA_Nup_LMNB1_1_C2_max_proj.tif,\\imaging_storage\shared\users\Amulya\converted_v2\normal\c2,1,301.7716782948708,219.13478494211455,0,2
55,1,PostEX_NP_IF_LMNA_Nup_LMNB1_1_deconvolved_C2_max_proj.tif,\\imaging_storage\shared\users\Amulya\converted_v2\normal\c2,1,303.83020651541597,222.95622454915647,0,1
55,2,PostEX_NP_IF_LMNA_Nup_LMNB1_1_deconvolved_C2_max_proj.tif,\\imaging_storage\shared\users\Amulya\converted_v2\normal\c2,1,208.40742348599957,255.60690253961363,0,2
56,1,PostEX_NP_IF_LMNA_Nup_LMNB1_20_C2_max_proj.tif,\\imaging_storage\shared\users\Amulya\converted_v2\normal\c2,1,333.290331040326,239.4658570535192,0,1
57,1,PostEX_NP_IF_LMNA_Nup_LMNB1_21_C2_max_proj.tif,\\imaging_storage\shared\users\Amulya\converted_v2\normal\c2,1,293.0258589941743,270.44469543851307,0,1
57,2,PostEX_NP_IF_LMNA_Nup_LMNB1_21_C2_max_proj.tif,\\imaging_storage\shared\users\Amulya\converted_v2\normal\c2,1,148.0,433.2857142857143,0,2
58,1,PostEX_NP_IF_LMNA_Nup_LMNB1_22_C2_max_proj.tif,\\imaging_storage\shared\users\Amulya\converted_v2\normal\c2,1,272.85812526956437,266.4555757895241,0,1
58,2,PostEX_NP_IF_LMNA_Nup_LMNB1_22_C2_max_proj.tif,\\imaging_storage\shared\users\Amulya\converted_v2\normal\c2,1,177.0,256.0,0,2
58,3,PostEX_NP_IF_LMNA_Nup_LMNB1_22_C2_max_proj.tif,\\imaging_storage\shared\users\Amulya\converted_v2\normal\c2,1,215.5,335.5,0,3
59,1,PostEX_NP_IF_LMNA_Nup_LMNB1_2_C2_max_proj.tif,\\imaging_storage\shared\users\Amulya\converted_v2\normal\c2,1,295.0,157.0,0,1
59,2,PostEX_NP_IF_LMNA_Nup_LMNB1_2_C2_max_proj.tif,\\imaging_storage\shared\users\Amulya\converted_v2\normal\c2,1,250.82859746301224,247.04443325420235,0,2
60,1,PostEX_NP_IF_LMNA_Nup_LMNB1_3_C2_max_proj.tif,\\imaging_storage\shared\users\Amulya\converted_v2\normal\c2,1,266.615089697591,257.61636084059455,0,1
60,2,PostEX_NP_IF_LMNA_Nup_LMNB1_3_C2_max_proj.tif,\\imaging_storage\shared\users\Amulya\converted_v2\normal\c2,1,138.0,285.0,0,2
61,1,PostEX_NP_IF_LMNA_Nup_LMNB1_3_deconvolved_C2_max_proj.tif,\\imaging_storage\shared\users\Amulya\converted_v2\normal\c2,1,299.4739086294416,193.56441624365482,0,1
61,2,PostEX_NP_IF_LMNA_Nup_LMNB1_3_deconvolved_C2_max_proj.tif,\\imaging_storage\shared\users\Amulya\converted_v2\normal\c2,1,202.21964244253542,294.76271186440675,0,2
61,3,PostEX_NP_IF_LMNA_Nup_LMNB1_3_deconvolved_C2_max_proj.tif,\\imaging_storage\shared\users\Amulya\converted_v2\normal\c2,1,306.7672825049874,311.4808743169399,0,3
62,1,PostEX_NP_IF_LMNA_Nup_LMNB1_4_C2_max_proj.tif,\\imaging_storage\shared\users\Amulya\converted_v2\normal\c2,1,296.67988739757703,299.5726637510682,0,1
62,2,PostEX_NP_IF_LMNA_Nup_LMNB1_4_C2_max_proj.tif,\\imaging_storage\shared\users\Amulya\converted_v2\normal\c2,1,193.3228284932934,283.22535486391456,0,2
63,1,PostEX_NP_IF_LMNA_Nup_LMNB1_5_C2_max_proj.tif,\\imaging_storage\shared\users\Amulya\converted_v2\normal\c2,1,248.5505426686529,179.36099879406967,0,1
63,2,PostEX_NP_IF_LMNA_Nup_LMNB1_5_C2_max_proj.tif,\\imaging_storage\shared\users\Amulya\converted_v2\normal\c2,1,258.16790403251014,302.6883401062832,0,2
64,1,PostEX_NP_IF_LMNA_Nup_LMNB1_5_deconvolved_C2_max_proj.tif,\\imaging_storage\shared\users\Amulya\converted_v2\normal\c2,1,286.3765763348538,192.98966997585188,0,1
64,2,PostEX_NP_IF_LMNA_Nup_LMNB1_5_deconvolved_C2_max_proj.tif,\\imaging_storage\shared\users\Amulya\converted_v2\normal\c2,1,247.40069424899147,274.1909810176064,0,2
65,1,PostEX_NP_IF_LMNA_Nup_LMNB1_6_C2_max_proj.tif,\\imaging_storage\shared\users\Amulya\converted_v2\normal\c2,1,296.65892613595577,208.46899002225254,0,1
65,2,PostEX_NP_IF_LMNA_Nup_LMNB1_6_C2_max_proj.tif,\\imaging_storage\shared\users\Amulya\converted_v2\normal\c2,1,251.27115093680902,328.2740602816246,0,2
66,1,PostEX_NP_IF_LMNA_Nup_LMNB1_7_C2_max_proj.tif,\\imaging_storage\shared\users\Amulya\converted_v2\normal\c2,1,325.0,78.0,0,1
66,2,PostEX_NP_IF_LMNA_Nup_LMNB1_7_C2_max_proj.tif,\\imaging_storage\shared\users\Amulya\converted_v2\normal\c2,1,370.1850361835841,191.8364597219577,0,2
66,3,PostEX_NP_IF_LMNA_Nup_LMNB1_7_C2_max_proj.tif,\\imaging_storage\shared\users\Amulya\converted_v2\normal\c2,1,176.91108422430185,374.59507642164004,0,3
67,1,PostEX_NP_IF_LMNA_Nup_LMNB1_8_C2_max_proj.tif,\\imaging_storage\shared\users\Amulya\converted_v2\normal\c2,1,47.0,138.41666666666666,0,1
67,2,PostEX_NP_IF_LMNA_Nup_LMNB1_8_C2_max_proj.tif,\\imaging_storage\shared\users\Amulya\converted_v2\normal\c2,1,251.24476017734784,268.96682789197905,0,2
68,1,PostEX_NP_IF_LMNA_Nup_LMNB1_9_C2_max_proj.tif,\\imaging_storage\shared\users\Amulya\converted_v2\normal\c2,1,248.2277610304193,253.52902164976706,0,1
69,1,PostEX_NP_IF_LMNA_Nup_LMNB1_C2_max_proj.tif,\\imaging_storage\shared\users\Amulya\converted_v2\normal\c2,1,245.05405754304434,251.92191508931597,0,1
70,1,PostEX_NP_IF_Progerin_LMNA_Nup_LMNB1_0.1_1_C2_max_proj.tif,\\imaging_storage\shared\users\Amulya\converted_v2\normal\c2,1,138.0,128.0,0,1
70,2,PostEX_NP_IF_Progerin_LMNA_Nup_LMNB1_0.1_1_C2_max_proj.tif,\\imaging_storage\shared\users\Amulya\converted_v2\normal\c2,1,126.95788770053476,252.6118154158215,0,2
70,3,PostEX_NP_IF_Progerin_LMNA_Nup_LMNB1_0.1_1_C2_max_proj.tif,\\imaging_storage\shared\users\Amulya\converted_v2\normal\c2,1,19.0,206.0,0,3
70,4,PostEX_NP_IF_Progerin_LMNA_Nup_LMNB1_0.1_1_C2_max_proj.tif,\\imaging_storage\shared\users\Amulya\converted_v2\normal\c2,1,481.7719298245614,207.59649122807016,0,4
70,5,PostEX_NP_IF_Progerin_LMNA_Nup_LMNB1_0.1_1_C2_max_proj.tif,\\imaging_storage\shared\users\Amulya\converted_v2\normal\c2,1,361.6857142857143,270.8,0,5
70,6,PostEX_NP_IF_Progerin_LMNA_Nup_LMNB1_0.1_1_C2_max_proj.tif,\\imaging_storage\shared\users\Amulya\converted_v2\normal\c2,1,367.96666666666664,297.2,0,6
70,7,PostEX_NP_IF_Progerin_LMNA_Nup_LMNB1_0.1_1_C2_max_proj.tif,\\imaging_storage\shared\users\Amulya\converted_v2\normal\c2,1,447.86614173228344,313.6929133858268,0,7
70,8,PostEX_NP_IF_Progerin_LMNA_Nup_LMNB1_0.1_1_C2_max_proj.tif,\\imaging_storage\shared\users\Amulya\converted_v2\normal\c2,1,372.7358490566038,324.50943396226415,0,8
70,9,PostEX_NP_IF_Progerin_LMNA_Nup_LMNB1_0.1_1_C2_max_proj.tif,\\imaging_storage\shared\users\Amulya\converted_v2\normal\c2,1,380.0844383996373,305.07816691223695,0,9
71,1,PostEX_NP_IF_Progerin_LMNA_Nup_LMNB1_0.1_C2_max_proj.tif,\\imaging_storage\shared\users\Amulya\converted_v2\normal\c2,1,38.59855769230769,2.8052884615384617,0,1
71,2,PostEX_NP_IF_Progerin_LMNA_Nup_LMNB1_0.1_C2_max_proj.tif,\\imaging_storage\shared\users\Amulya\converted_v2\normal\c2,1,197.0,68.0,0,2
71,3,PostEX_NP_IF_Progerin_LMNA_Nup_LMNB1_0.1_C2_max_proj.tif,\\imaging_storage\shared\users\Amulya\converted_v2\normal\c2,1,304.7774238359839,141.12423356964936,0,3
71,4,PostEX_NP_IF_Progerin_LMNA_Nup_LMNB1_0.1_C2_max_proj.tif,\\imaging_storage\shared\users\Amulya\converted_v2\normal\c2,1,167.0,148.0,0,4
71,5,PostEX_NP_IF_Progerin_LMNA_Nup_LMNB1_0.1_C2_max_proj.tif,\\imaging_storage\shared\users\Amulya\converted_v2\normal\c2,1,231.6104709210417,364.3410225476329,0,5
71,6,PostEX_NP_IF_Progerin_LMNA_Nup_LMNB1_0.1_C2_max_proj.tif,\\imaging_storage\shared\users\Amulya\converted_v2\normal\c2,1,88.0,364.0,0,6
72,1,PostEX_NP_IF_Progerin_LMNA_Nup_LMNB1_0.2_1_C2_max_proj.tif,\\imaging_storage\shared\users\Amulya\converted_v2\normal\c2,1,263.07774980040534,264.07716636983355,0,1
72,2,PostEX_NP_IF_Progerin_LMNA_Nup_LMNB1_0.2_1_C2_max_proj.tif,\\imaging_storage\shared\users\Amulya\converted_v2\normal\c2,1,187.0,334.0,0,2
73,1,PostEX_NP_IF_Progerin_LMNA_Nup_LMNB1_0.2_1_deconvolved_C2_max_proj.tif,\\imaging_storage\shared\users\Amulya\converted_v2\normal\c2,1,263.0585880527541,264.0858960434445,0,1
74,1,PostEX_NP_IF_Progerin_LMNA_Nup_LMNB1_0.2_2_C2_max_proj.tif,\\imaging_storage\shared\users\Amulya\converted_v2\normal\c2,1,237.4039540430678,266.5898814123022,0,1
75,1,PostEX_NP_IF_Progerin_LMNA_Nup_LMNB1_0.2_2_deconvolved_C2_max_proj.tif,\\imaging_storage\shared\users\Amulya\converted_v2\normal\c2,1,214.61274435520534,157.85065919078647,0,1
75,2,PostEX_NP_IF_Progerin_LMNA_Nup_LMNB1_0.2_2_deconvolved_C2_max_proj.tif,\\imaging_storage\shared\users\Amulya\converted_v2\normal\c2,1,296.06346596514305,202.6651320837444,0,2
75,3,PostEX_NP_IF_Progerin_LMNA_Nup_LMNB1_0.2_2_deconvolved_C2_max_proj.tif,\\imaging_storage\shared\users\Amulya\converted_v2\normal\c2,1,231.0180243763403,321.30809739678057,0,3
76,1,PostEX_NP_IF_Progerin_LMNA_Nup_LMNB1_0.2_3_C2_max_proj.tif,\\imaging_storage\shared\users\Amulya\converted_v2\normal\c2,1,0.8235294117647058,2.4705882352941178,0,1
76,2,PostEX_NP_IF_Progerin_LMNA_Nup_LMNB1_0.2_3_C2_max_proj.tif,\\imaging_storage\shared\users\Amulya\converted_v2\normal\c2,1,243.97795181748532,245.05614199370052,0,2
76,3,PostEX_NP_IF_Progerin_LMNA_Nup_LMNB1_0.2_3_C2_max_proj.tif,\\imaging_storage\shared\users\Amulya\converted_v2\normal\c2,1,157.0,325.0,0,3
76,4,PostEX_NP_IF_Progerin_LMNA_Nup_LMNB1_0.2_3_C2_max_proj.tif,\\imaging_storage\shared\users\Amulya\converted_v2\normal\c2,1,54.43196239717979,447.930669800235,0,4
76,5,PostEX_NP_IF_Progerin_LMNA_Nup_LMNB1_0.2_3_C2_max_proj.tif,\\imaging_storage\shared\users\Amulya\converted_v2\normal\c2,0,13.324324324324325,486.9230769230769,0,5
77,1,PostEX_NP_IF_Progerin_LMNA_Nup_LMNB1_0.2_3_deconvolved_C2_max_proj.tif,\\imaging_storage\shared\users\Amulya\converted_v2\normal\c2,1,0.7857142857142857,2.0,0,1
77,2,PostEX_NP_IF_Progerin_LMNA_Nup_LMNB1_0.2_3_deconvolved_C2_max_proj.tif,\\imaging_storage\shared\users\Amulya\converted_v2\normal\c2,1,243.97824830332485,245.011304031343,0,2
77,3,PostEX_NP_IF_Progerin_LMNA_Nup_LMNB1_0.2_3_deconvolved_C2_max_proj.tif,\\imaging_storage\shared\users\Amulya\converted_v2\normal\c2,1,157.0,325.0,0,3
77,4,PostEX_NP_IF_Progerin_LMNA_Nup_LMNB1_0.2_3_deconvolved_C2_max_proj.tif,\\imaging_storage\shared\users\Amulya\converted_v2\normal\c2,1,56.22277064823955,439.4088515959197,0,4
77,5,PostEX_NP_IF_Progerin_LMNA_Nup_LMNB1_0.2_3_deconvolved_C2_max_proj.tif,\\imaging_storage\shared\users\Amulya\converted_v2\normal\c2,1,22.17391304347826,478.7391304347826,0,5
78,1,PostEX_NP_IF_Progerin_LMNA_Nup_LMNB1_0.2_4_C2_max_proj.tif,\\imaging_storage\shared\users\Amulya\converted_v2\normal\c2,1,275.20674291397313,271.0772749875684,0,1
78,2,PostEX_NP_IF_Progerin_LMNA_Nup_LMNB1_0.2_4_C2_max_proj.tif,\\imaging_storage\shared\users\Amulya\converted_v2\normal\c2,1,167.0,265.0,0,2
79,1,PostEX_NP_IF_Progerin_LMNA_Nup_LMNB1_0.2_4_deconvolved_C2_max_proj.tif,\\imaging_storage\shared\users\Amulya\converted_v2\normal\c2,1,298.0749380376148,183.10570053943724,0,1
79,2,PostEX_NP_IF_Progerin_LMNA_Nup_LMNB1_0.2_4_deconvolved_C2_max_proj.tif,\\imaging_storage\shared\users\Amulya\converted_v2\normal\c2,1,271.47341548887186,285.01088444846715,0,2
80,1,PostEX_NP_IF_Progerin_LMNA_Nup_LMNB1_0.2_5_C2_max_proj.tif,\\imaging_storage\shared\users\Amulya\converted_v2\normal\c2,1,257.09514392441224,249.93348714568228,0,1
81,1,PostEX_NP_IF_Progerin_LMNA_Nup_LMNB1_0.2_6_C2_max_proj.tif,\\imaging_storage\shared\users\Amulya\converted_v2\normal\c2,1,257.8762318316145,290.23526928412036,0,1
81,2,PostEX_NP_IF_Progerin_LMNA_Nup_LMNB1_0.2_6_C2_max_proj.tif,\\imaging_storage\shared\users\Amulya\converted_v2\normal\c2,1,325.4982883225561,184.32559908710536,0,2
81,3,PostEX_NP_IF_Progerin_LMNA_Nup_LMNB1_0.2_6_C2_max_proj.tif,\\imaging_storage\shared\users\Amulya\converted_v2\normal\c2,1,329.1516118736036,240.3954676029365,0,3
82,1,PostEX_NP_IF_Progerin_LMNA_Nup_LMNB1_0.2_7_C2_max_proj.tif,\\imaging_storage\shared\users\Amulya\converted_v2\normal\c2,1,57.07028360049322,9.241676942046857,0,1
82,2,PostEX_NP_IF_Progerin_LMNA_Nup_LMNB1_0.2_7_C2_max_proj.tif,\\imaging_storage\shared\users\Amulya\converted_v2\normal\c2,1,340.3508312457299,278.01195627419725,0,2
82,3,PostEX_NP_IF_Progerin_LMNA_Nup_LMNB1_0.2_7_C2_max_proj.tif,\\imaging_storage\shared\users\Amulya\converted_v2\normal\c2,1,221.3566974706616,297.5782623988744,0,3
83,1,PostEX_NP_IF_Progerin_LMNA_Nup_LMNB1_0.2_7_deconvolved_C2_max_proj.tif,\\imaging_storage\shared\users\Amulya\converted_v2\normal\c2,1,83.04140127388536,6.646496815286624,0,1
83,2,PostEX_NP_IF_Progerin_LMNA_Nup_LMNB1_0.2_7_deconvolved_C2_max_proj.tif,\\imaging_storage\shared\users\Amulya\converted_v2\normal\c2,1,46.17857142857143,10.9,0,2
83,3,PostEX_NP_IF_Progerin_LMNA_Nup_LMNB1_0.2_7_deconvolved_C2_max_proj.tif,\\imaging_storage\shared\users\Amulya\converted_v2\normal\c2,1,310.08914057295135,288.9028980679547,0,3
83,4,PostEX_NP_IF_Progerin_LMNA_Nup_LMNB1_0.2_7_deconvolved_C2_max_proj.tif,\\imaging_storage\shared\users\Amulya\converted_v2\normal\c2,1,189.29854474370114,293.1101759339705,0,4
84,1,PostEX_NP_IF_Progerin_LMNA_Nup_LMNB1_0.2_8_C2_max_proj.tif,\\imaging_storage\shared\users\Amulya\converted_v2\normal\c2,1,33.53968253968254,5.619047619047619,0,1
84,2,PostEX_NP_IF_Progerin_LMNA_Nup_LMNB1_0.2_8_C2_max_proj.tif,\\imaging_storage\shared\users\Amulya\converted_v2\normal\c2,1,191.860457453527,127.84667343968808,0,2
84,3,PostEX_NP_IF_Progerin_LMNA_Nup_LMNB1_0.2_8_C2_max_proj.tif,\\imaging_storage\shared\users\Amulya\converted_v2\normal\c2,1,390.26267281105993,136.50230414746545,0,3
84,4,PostEX_NP_IF_Progerin_LMNA_Nup_LMNB1_0.2_8_C2_max_proj.tif,\\imaging_storage\shared\users\Amulya\converted_v2\normal\c2,1,284.31629638962386,312.3211540884465,0,4
85,1,PostEX_NP_IF_Progerin_LMNA_Nup_LMNB1_0.2_9_C2_max_proj.tif,\\imaging_storage\shared\users\Amulya\converted_v2\normal\c2,1,271.64761931451955,231.9394949976179,0,1
85,2,PostEX_NP_IF_Progerin_LMNA_Nup_LMNB1_0.2_9_C2_max_proj.tif,\\imaging_storage\shared\users\Amulya\converted_v2\normal\c2,1,216.17269677728524,306.94225470228827,0,2
86,1,PostEX_NP_IF_Progerin_LMNA_Nup_LMNB1_0.2_C2_max_proj.tif,\\imaging_storage\shared\users\Amulya\converted_v2\normal\c2,1,290.5901126153596,159.05114444850997,0,1
86,2,PostEX_NP_IF_Progerin_LMNA_Nup_LMNB1_0.2_C2_max_proj.tif,\\imaging_storage\shared\users\Amulya\converted_v2\normal\c2,1,234.80086067778376,292.93121750044827,0,2
88,1,PostEX_NP_IF_Progerin_LMNA_Nup_LMNB1_2_C2_max_proj.tif,\\imaging_storage\shared\users\Amulya\converted_v2\normal\c2,1,286.66825536782403,266.8597097442985,0,1
88,2,PostEX_NP_IF_Progerin_LMNA_Nup_LMNB1_2_C2_max_proj.tif,\\imaging_storage\shared\users\Amulya\converted_v2\normal\c2,1,176.0781551524508,237.2497105364724,0,2
88,3,PostEX_NP_IF_Progerin_LMNA_Nup_LMNB1_2_C2_max_proj.tif,\\imaging_storage\shared\users\Amulya\converted_v2\normal\c2,1,226.53012519561815,331.268779342723,0,3
89,1,PostEX_NP_IF_Progerin_LMNA_Nup_LMNB1_3_C2_max_proj.tif,\\imaging_storage\shared\users\Amulya\converted_v2\normal\c2,1,246.0,98.0,0,1
89,2,PostEX_NP_IF_Progerin_LMNA_Nup_LMNB1_3_C2_max_proj.tif,\\imaging_storage\shared\users\Amulya\converted_v2\normal\c2,1,177.0,157.0,0,2
89,3,PostEX_NP_IF_Progerin_LMNA_Nup_LMNB1_3_C2_max_proj.tif,\\imaging_storage\shared\users\Amulya\converted_v2\normal\c2,1,268.34582731213874,247.8104678468208,0,3
90,1,PostEX_NP_IF_Progerin_LMNA_Nup_LMNB1_4_C2_max_proj.tif,\\imaging_storage\shared\users\Amulya\converted_v2\normal\c2,1,250.89462941701748,187.8152315346345,0,1
90,2,PostEX_NP_IF_Progerin_LMNA_Nup_LMNB1_4_C2_max_proj.tif,\\imaging_storage\shared\users\Amulya\converted_v2\normal\c2,1,338.4754098360656,292.6967213114754,0,2
90,3,PostEX_NP_IF_Progerin_LMNA_Nup_LMNB1_4_C2_max_proj.tif,\\imaging_storage\shared\users\Amulya\converted_v2\normal\c2,1,266.1575194193302,340.6218642556985,0,3
91,1,PostEX_NP_IF_Progerin_LMNA_Nup_LMNB1_5_C2_max_proj.tif,\\imaging_storage\shared\users\Amulya\converted_v2\normal\c2,1,252.95259228219876,283.37366195573503,0,1
92,1,PostEX_NP_IF_Progerin_LMNA_Nup_LMNB1_6_C2_max_proj.tif,\\imaging_storage\shared\users\Amulya\converted_v2\normal\c2,1,265.0,167.0,0,1
92,2,PostEX_NP_IF_Progerin_LMNA_Nup_LMNB1_6_C2_max_proj.tif,\\imaging_storage\shared\users\Amulya\converted_v2\normal\c2,1,321.82936409287527,253.0875055933973,0,2
92,3,PostEX_NP_IF_Progerin_LMNA_Nup_LMNB1_6_C2_max_proj.tif,\\imaging_storage\shared\users\Amulya\converted_v2\normal\c2,1,215.28489847715736,276.10195698637455,0,3
93,1,PostEX_NP_IF_Progerin_LMNA_Nup_LMNB1_7_C2_max_proj.tif,\\imaging_storage\shared\users\Amulya\converted_v2\normal\c2,1,33.33101851851852,2.627314814814815,0,1
93,2,PostEX_NP_IF_Progerin_LMNA_Nup_LMNB1_7_C2_max_proj.tif,\\imaging_storage\shared\users\Amulya\converted_v2\normal\c2,1,255.57248762709406,249.14551365678906,0,2
94,1,PostEX_NP_IF_Progerin_LMNA_Nup_LMNB1_8_C2_max_proj.tif,\\imaging_storage\shared\users\Amulya\converted_v2\normal\c2,1,320.2887928646612,226.5163148856019,0,1
94,2,PostEX_NP_IF_Progerin_LMNA_Nup_LMNB1_8_C2_max_proj.tif,\\imaging_storage\shared\users\Amulya\converted_v2\normal\c2,1,250.57849109653233,157.9779756326148,0,2
94,3,PostEX_NP_IF_Progerin_LMNA_Nup_LMNB1_8_C2_max_proj.tif,\\imaging_storage\shared\users\Amulya\converted_v2\normal\c2,1,221.91531327204245,293.80389615649426,0,3
95,1,PostEX_NP_IF_Progerin_LMNA_Nup_LMNB1_C2_max_proj.tif,\\imaging_storage\shared\users\Amulya\converted_v2\normal\c2,1,10.761904761904763,210.38095238095238,0,1
95,2,PostEX_NP_IF_Progerin_LMNA_Nup_LMNB1_C2_max_proj.tif,\\imaging_storage\shared\users\Amulya\converted_v2\normal\c2,1,284.12863985741336,258.90633842040774,0,2
95,3,PostEX_NP_IF_Progerin_LMNA_Nup_LMNB1_C2_max_proj.tif,\\imaging_storage\shared\users\Amulya\converted_v2\normal\c2,1,502.0567823343849,440.7545741324921,0,3
