Channel_DNA,Count_FillObjects,Count_IdentifyPrimaryObjects,ExecutionTime_01Images,ExecutionTime_02Metadata,ExecutionTime_03NamesAndTypes,ExecutionTime_04Groups,ExecutionTime_05RescaleIntensity,ExecutionTime_06Resize,ExecutionTime_07IdentifyPrimaryObjects,ExecutionTime_08FillObjects,ExecutionTime_09MeasureObjectSizeShape,FileName_DNA,FileName_OverlayObjects,Frame_DNA,Group_Index,Group_Length,Group_Number,Height_DNA,ImageNumber,ImageSet_ImageSet,MD5Digest_DNA,Metadata_FileLocation,Metadata_Frame,Metadata_Series,ModuleError_01Images,ModuleError_02Metadata,ModuleError_03NamesAndTypes,ModuleError_04Groups,ModuleError_05RescaleIntensity,ModuleError_06Resize,ModuleError_07IdentifyPrimaryObjects,ModuleError_08FillObjects,ModuleError_09MeasureObjectSizeShape,PathName_DNA,PathName_OverlayObjects,Scaling_DNA,Series_DNA,Threshold_FinalThreshold_IdentifyPrimaryObjects,Threshold_OrigThreshold_IdentifyPrimaryObjects,Threshold_SumOfEntropies_IdentifyPrimaryObjects,Threshold_WeightedVariance_IdentifyPrimaryObjects,URL_DNA,URL_OverlayObjects,Width_DNA
-1,2.0,2.0,0.0,0.0,0.390625,0.0,0.421875,0.1875,0.328125,0.03125,0.625,NP_LMNA_K9me2_Pol2_Well2_40X_F00_C2_max_proj.tif,NP_LMNA_K9me2_Pol2_Well2_40X_F00_C2_max_proj.png,0,1,95,1,2048,1,b'eLtbPbCZG01BdC1LjaCFqUG8s1F8bmJFfEFRfpZeSWYauAiF+QQYQCAXYha2IAa8wIUEEZABDl0gDQxzOwBBapNM',5e795972a7749da28db73f45896bd3d4,file:////imaging_storage/shared/users/Amulya/converted_v2/normal/c2/NP_LMNA_K9me2_Pol2_Well2_40X_F00_C2_max_proj.tif,0,0,0,0,0,0,0,0,0,0,0,\\imaging_storage\shared\users\Amulya\converted_v2\normal\c2,C:\\Users\\amulya\\documents\\progeria-prediction\\230724_normal_c2,65535,0,0.03505568206310272,0.035055682,-12.25123641593678,0.1024553892583242,file:////imaging_storage/shared/users/Amulya/converted_v2/normal/c2/NP_LMNA_K9me2_Pol2_Well2_40X_F00_C2_max_proj.tif,file:///C:/Users/amulya/documents/progeria-prediction/230724_normal_c2/NP_LMNA_K9me2_Pol2_Well2_40X_F00_C2_max_proj.png,2048
-1,2.0,2.0,0.0,0.0,0.28125,0.0,0.4375,0.21875,0.25,0.046875,0.625,NP_LMNA_K9me2_Pol2_Well2_40X_F01_C2_max_proj.tif,NP_LMNA_K9me2_Pol2_Well2_40X_F01_C2_max_proj.png,0,2,95,1,2048,2,b'eLtbPbCZG01BdC1LjaCFqWG8s1F8bmJFfEFRfpZeSWYauAiF+QQYQCAXYha2IAa8wIUEEZABDl0gDQxzOwBBw5NN',1469279d5212206d5b8b9c7533cbb2a9,file:////imaging_storage/shared/users/Amulya/converted_v2/normal/c2/NP_LMNA_K9me2_Pol2_Well2_40X_F01_C2_max_proj.tif,0,0,0,0,0,0,0,0,0,0,0,\\imaging_storage\shared\users\Amulya\converted_v2\normal\c2,C:\\Users\\amulya\\documents\\progeria-prediction\\230724_normal_c2,65535,0,0.11386197805404663,0.11386198,-12.109687805105741,0.08694628943635507,file:////imaging_storage/shared/users/Amulya/converted_v2/normal/c2/NP_LMNA_K9me2_Pol2_Well2_40X_F01_C2_max_proj.tif,file:///C:/Users/amulya/documents/progeria-prediction/230724_normal_c2/NP_LMNA_K9me2_Pol2_Well2_40X_F01_C2_max_proj.png,2048
-1,4.0,4.0,0.0,0.0,0.28125,0.0,0.4375,0.203125,0.296875,0.046875,0.609375,NP_LMNA_K9me2_Pol2_Well2_40X_F02_C2_max_proj.tif,NP_LMNA_K9me2_Pol2_Well2_40X_F02_C2_max_proj.png,0,3,95,1,2048,3,b'eLtbPbCZG01BdC1LjaCFqVG8s1F8bmJFfEFRfpZeSWYauAiF+QQYQCAXYha2IAa8wIUEEZABDl0gDQxzOwBCHJNO',1411010e07ab4da429a231eabe86728a,file:////imaging_storage/shared/users/Amulya/converted_v2/normal/c2/NP_LMNA_K9me2_Pol2_Well2_40X_F02_C2_max_proj.tif,0,0,0,0,0,0,0,0,0,0,0,\\imaging_storage\shared\users\Amulya\converted_v2\normal\c2,C:\\Users\\amulya\\documents\\progeria-prediction\\230724_normal_c2,65535,0,0.019110027700662613,0.019110028,-11.760059939065094,0.11643859484296115,file:////imaging_storage/shared/users/Amulya/converted_v2/normal/c2/NP_LMNA_K9me2_Pol2_Well2_40X_F02_C2_max_proj.tif,file:///C:/Users/amulya/documents/progeria-prediction/230724_normal_c2/NP_LMNA_K9me2_Pol2_Well2_40X_F02_C2_max_proj.png,2048
-1,4.0,4.0,0.0,0.0,0.234375,0.0,0.46875,0.203125,0.296875,0.0625,0.640625,NP_LMNA_K9me2_Pol2_Well2_40X_F03_C2_max_proj.tif,NP_LMNA_K9me2_Pol2_Well2_40X_F03_C2_max_proj.png,0,4,95,1,2048,4,b'eLtbPbCZG01BdC1LjaCFqXG8s1F8bmJFfEFRfpZeSWYauAiF+QQYQCAXYha2IAa8wIUEEZABDl0gDQxzOwBCdZNP',c66fd997e3ecaee810c7cd5873714ad2,file:////imaging_storage/shared/users/Amulya/converted_v2/normal/c2/NP_LMNA_K9me2_Pol2_Well2_40X_F03_C2_max_proj.tif,0,0,0,0,0,0,0,0,0,0,0,\\imaging_storage\shared\users\Amulya\converted_v2\normal\c2,C:\\Users\\amulya\\documents\\progeria-prediction\\230724_normal_c2,65535,0,0.021455014124512672,0.021455014,-12.676699150254201,0.14299391806980566,file:////imaging_storage/shared/users/Amulya/converted_v2/normal/c2/NP_LMNA_K9me2_Pol2_Well2_40X_F03_C2_max_proj.tif,file:///C:/Users/amulya/documents/progeria-prediction/230724_normal_c2/NP_LMNA_K9me2_Pol2_Well2_40X_F03_C2_max_proj.png,2048
-1,6.0,6.0,0.0,0.0,0.203125,0.0,0.4375,0.1875,0.3125,0.078125,0.625,NP_LMNA_K9me2_Pol2_Well2_40X_F04_C2_max_proj.tif,NP_LMNA_K9me2_Pol2_Well2_40X_F04_C2_max_proj.png,0,5,95,1,2048,5,b'eLtbPbCZG01BdC1LjaCFqUm8s1F8bmJFfEFRfpZeSWYauAiF+QQYQCAXYha2IAa8wIUEEZABDl0gDQxzOwBCzpNQ',26c09470155bbf13ef991a124f0c58c4,file:////imaging_storage/shared/users/Amulya/converted_v2/normal/c2/NP_LMNA_K9me2_Pol2_Well2_40X_F04_C2_max_proj.tif,0,0,0,0,0,0,0,0,0,0,0,\\imaging_storage\shared\users\Amulya\converted_v2\normal\c2,C:\\Users\\amulya\\documents\\progeria-prediction\\230724_normal_c2,65535,0,0.02112354338169098,0.021123543,-12.579740900510252,0.13648803443700785,file:////imaging_storage/shared/users/Amulya/converted_v2/normal/c2/NP_LMNA_K9me2_Pol2_Well2_40X_F04_C2_max_proj.tif,file:///C:/Users/amulya/documents/progeria-prediction/230724_normal_c2/NP_LMNA_K9me2_Pol2_Well2_40X_F04_C2_max_proj.png,2048
-1,6.0,6.0,0.0,0.0,0.234375,0.0,0.40625,0.21875,0.296875,0.0625,0.640625,NP_LMNA_K9me2_Pol2_Well2_40X_F05_C2_max_proj.tif,NP_LMNA_K9me2_Pol2_Well2_40X_F05_C2_max_proj.png,0,6,95,1,2048,6,b'eLtbPbCZG01BdC1LjaCFqWm8s1F8bmJFfEFRfpZeSWYauAiF+QQYQCAXYha2IAa8wIUEEZABDl0gDQxzOwBDJ5NR',843a5ff7e534c719a3040f9074b8c14d,file:////imaging_storage/shared/users/Amulya/converted_v2/normal/c2/NP_LMNA_K9me2_Pol2_Well2_40X_F05_C2_max_proj.tif,0,0,0,0,0,0,0,0,0,0,0,\\imaging_storage\shared\users\Amulya\converted_v2\normal\c2,C:\\Users\\amulya\\documents\\progeria-prediction\\230724_normal_c2,65535,0,0.022891730070114136,0.02289173,-12.39831049239568,0.11450317091646411,file:////imaging_storage/shared/users/Amulya/converted_v2/normal/c2/NP_LMNA_K9me2_Pol2_Well2_40X_F05_C2_max_proj.tif,file:///C:/Users/amulya/documents/progeria-prediction/230724_normal_c2/NP_LMNA_K9me2_Pol2_Well2_40X_F05_C2_max_proj.png,2048
-1,5.0,5.0,0.0,0.0,0.15625,0.0,0.453125,0.1875,0.28125,0.046875,0.625,NP_LMNA_K9me2_Pol2_Well2_40X_F06_C2_max_proj.tif,NP_LMNA_K9me2_Pol2_Well2_40X_F06_C2_max_proj.png,0,7,95,1,2048,7,b'eLtbPbCZG01BdC1LjaCFqVm8s1F8bmJFfEFRfpZeSWYauAiF+QQYQCAXYha2IAa8wIUEEZABDl0gDQxzOwBDgJNS',2bf00dde1c1c07e0aec74049f44f6ed4,file:////imaging_storage/shared/users/Amulya/converted_v2/normal/c2/NP_LMNA_K9me2_Pol2_Well2_40X_F06_C2_max_proj.tif,0,0,0,0,0,0,0,0,0,0,0,\\imaging_storage\shared\users\Amulya\converted_v2\normal\c2,C:\\Users\\amulya\\documents\\progeria-prediction\\230724_normal_c2,65535,0,0.020903965458273888,0.020903965,-12.503665710862581,0.09091251520796106,file:////imaging_storage/shared/users/Amulya/converted_v2/normal/c2/NP_LMNA_K9me2_Pol2_Well2_40X_F06_C2_max_proj.tif,file:///C:/Users/amulya/documents/progeria-prediction/230724_normal_c2/NP_LMNA_K9me2_Pol2_Well2_40X_F06_C2_max_proj.png,2048
-1,3.0,3.0,0.0,0.0,0.203125,0.0,0.453125,0.21875,0.296875,0.046875,0.625,NP_LMNA_K9me2_Pol2_Well2_40X_F07_C2_max_proj.tif,NP_LMNA_K9me2_Pol2_Well2_40X_F07_C2_max_proj.png,0,8,95,1,2048,8,b'eLtbPbCZG01BdC1LjaCFqXm8s1F8bmJFfEFRfpZeSWYauAiF+QQYQCAXYha2IAa8wIUEEZABDl0gDQxzOwBD2ZNT',9d0e6bc32ea5e9b7328b96c820d090b1,file:////imaging_storage/shared/users/Amulya/converted_v2/normal/c2/NP_LMNA_K9me2_Pol2_Well2_40X_F07_C2_max_proj.tif,0,0,0,0,0,0,0,0,0,0,0,\\imaging_storage\shared\users\Amulya\converted_v2\normal\c2,C:\\Users\\amulya\\documents\\progeria-prediction\\230724_normal_c2,65535,0,0.09162036329507828,0.09162036,-12.56707901824359,0.13566458116611102,file:////imaging_storage/shared/users/Amulya/converted_v2/normal/c2/NP_LMNA_K9me2_Pol2_Well2_40X_F07_C2_max_proj.tif,file:///C:/Users/amulya/documents/progeria-prediction/230724_normal_c2/NP_LMNA_K9me2_Pol2_Well2_40X_F07_C2_max_proj.png,2048
-1,4.0,4.0,0.0,0.0,0.203125,0.0,0.46875,0.203125,0.265625,0.0625,0.59375,NP_LMNA_K9me2_Pol2_Well2_40X_F08_C2_max_proj.tif,NP_LMNA_K9me2_Pol2_Well2_40X_F08_C2_max_proj.png,0,9,95,1,2048,9,b'eLtbPbCZG01BdC1LjaCFqUW8s1F8bmJFfEFRfpZeSWYauAiF+QQYQCAXYha2IAa8wIUEEZABDl0gDQxzOwBEMpNU',6d335133b9f7907398d563cea0a66838,file:////imaging_storage/shared/users/Amulya/converted_v2/normal/c2/NP_LMNA_K9me2_Pol2_Well2_40X_F08_C2_max_proj.tif,0,0,0,0,0,0,0,0,0,0,0,\\imaging_storage\shared\users\Amulya\converted_v2\normal\c2,C:\\Users\\amulya\\documents\\progeria-prediction\\230724_normal_c2,65535,0,0.01927078887820244,0.019270789,-12.612887457589157,0.15435789099626618,file:////imaging_storage/shared/users/Amulya/converted_v2/normal/c2/NP_LMNA_K9me2_Pol2_Well2_40X_F08_C2_max_proj.tif,file:///C:/Users/amulya/documents/progeria-prediction/230724_normal_c2/NP_LMNA_K9me2_Pol2_Well2_40X_F08_C2_max_proj.png,2048
-1,2.0,2.0,0.0,0.0,0.171875,0.0,0.4375,0.21875,0.3125,0.03125,0.640625,NP_LMNA_K9me2_Pol2_Well2_40X_F09_C2_max_proj.tif,NP_LMNA_K9me2_Pol2_Well2_40X_F09_C2_max_proj.png,0,10,95,1,2048,10,b'eLtbPbCZG01BdC1LjaCFqWW8s1F8bmJFfEFRfpZeSWYauAiF+QQYQCAXYha2IAa8wIUEEZABDl0gDQxzOwBEi5NV',7c0dc1eb48095afae5b94d427da44bbf,file:////imaging_storage/shared/users/Amulya/converted_v2/normal/c2/NP_LMNA_K9me2_Pol2_Well2_40X_F09_C2_max_proj.tif,0,0,0,0,0,0,0,0,0,0,0,\\imaging_storage\shared\users\Amulya\converted_v2\normal\c2,C:\\Users\\amulya\\documents\\progeria-prediction\\230724_normal_c2,65535,0,0.02889067307114601,0.028890673,-12.619731075036707,0.08463251825480711,file:////imaging_storage/shared/users/Amulya/converted_v2/normal/c2/NP_LMNA_K9me2_Pol2_Well2_40X_F09_C2_max_proj.tif,file:///C:/Users/amulya/documents/progeria-prediction/230724_normal_c2/NP_LMNA_K9me2_Pol2_Well2_40X_F09_C2_max_proj.png,2048
-1,4.0,4.0,0.0,0.0,0.21875,0.0,0.421875,0.1875,0.25,0.046875,0.59375,NP_LMNA_K9me2_Pol2_Well2_40X_F10_C2_max_proj.tif,NP_LMNA_K9me2_Pol2_Well2_40X_F10_C2_max_proj.png,0,11,95,1,2048,11,b'eLtbPbCZG01BdC1LjSCFqaFBvLNRfG5iRXxBUX6WXklmGrgIhfkEGEAgF2IWtiAGvMCFBBGQAQ5dIA0MczsAQcSTTQ==',c298fb87d2bce0dbbbb9fa8b7c8f75d9,file:////imaging_storage/shared/users/Amulya/converted_v2/normal/c2/NP_LMNA_K9me2_Pol2_Well2_40X_F10_C2_max_proj.tif,0,0,0,0,0,0,0,0,0,0,0,\\imaging_storage\shared\users\Amulya\converted_v2\normal\c2,C:\\Users\\amulya\\documents\\progeria-prediction\\230724_normal_c2,65535,0,0.11683999001979828,0.11683999,-11.816879718260559,0.06831339631558819,file:////imaging_storage/shared/users/Amulya/converted_v2/normal/c2/NP_LMNA_K9me2_Pol2_Well2_40X_F10_C2_max_proj.tif,file:///C:/Users/amulya/documents/progeria-prediction/230724_normal_c2/NP_LMNA_K9me2_Pol2_Well2_40X_F10_C2_max_proj.png,2048
-1,3.0,3.0,0.0,0.0,0.1875,0.0,0.453125,0.21875,0.296875,0.046875,0.546875,NP_LMNA_K9me2_Pol2_Well2_40X_F11_C2_max_proj.tif,NP_LMNA_K9me2_Pol2_Well2_40X_F11_C2_max_proj.png,0,12,95,1,2048,12,b'eLtbPbCZG01BdC1LjSCFqaFhvLNRfG5iRXxBUX6WXklmGrgIhfkEGEAgF2IWtiAGvMCFBBGQAQ5dIA0MczsAQh2TTg==',59f847ce259b2b5750bbb8e652f200ca,file:////imaging_storage/shared/users/Amulya/converted_v2/normal/c2/NP_LMNA_K9me2_Pol2_Well2_40X_F11_C2_max_proj.tif,0,0,0,0,0,0,0,0,0,0,0,\\imaging_storage\shared\users\Amulya\converted_v2\normal\c2,C:\\Users\\amulya\\documents\\progeria-prediction\\230724_normal_c2,65535,0,0.029144203290343285,0.029144203,-12.061395020343454,0.061661370234332935,file:////imaging_storage/shared/users/Amulya/converted_v2/normal/c2/NP_LMNA_K9me2_Pol2_Well2_40X_F11_C2_max_proj.tif,file:///C:/Users/amulya/documents/progeria-prediction/230724_normal_c2/NP_LMNA_K9me2_Pol2_Well2_40X_F11_C2_max_proj.png,2048
-1,3.0,3.0,0.0,0.0,0.171875,0.0,0.421875,0.203125,0.296875,0.0625,0.625,NP_LMNA_K9me2_Pol2_Well2_40X_F12_C2_max_proj.tif,NP_LMNA_K9me2_Pol2_Well2_40X_F12_C2_max_proj.png,0,13,95,1,2048,13,b'eLtbPbCZG01BdC1LjSCFqaFRvLNRfG5iRXxBUX6WXklmGrgIhfkEGEAgF2IWtiAGvMCFBBGQAQ5dIA0MczsAQnaTTw==',e4a96a002656c3fb49294bd5cd75c5f9,file:////imaging_storage/shared/users/Amulya/converted_v2/normal/c2/NP_LMNA_K9me2_Pol2_Well2_40X_F12_C2_max_proj.tif,0,0,0,0,0,0,0,0,0,0,0,\\imaging_storage\shared\users\Amulya\converted_v2\normal\c2,C:\\Users\\amulya\\documents\\progeria-prediction\\230724_normal_c2,65535,0,0.004189249128103256,0.004189249,-13.042585530918196,0.06612731545406803,file:////imaging_storage/shared/users/Amulya/converted_v2/normal/c2/NP_LMNA_K9me2_Pol2_Well2_40X_F12_C2_max_proj.tif,file:///C:/Users/amulya/documents/progeria-prediction/230724_normal_c2/NP_LMNA_K9me2_Pol2_Well2_40X_F12_C2_max_proj.png,2048
-1,3.0,3.0,0.0,0.0,0.15625,0.0,0.453125,0.1875,0.296875,0.0625,0.640625,NP_LMNA_K9me2_Pol2_Well2_40X_F13_C2_max_proj.tif,NP_LMNA_K9me2_Pol2_Well2_40X_F13_C2_max_proj.png,0,14,95,1,2048,14,b'eLtbPbCZG01BdC1LjSCFqaFxvLNRfG5iRXxBUX6WXklmGrgIhfkEGEAgF2IWtiAGvMCFBBGQAQ5dIA0MczsAQs+TUA==',37cbccdc32090b3a1e733129ba657401,file:////imaging_storage/shared/users/Amulya/converted_v2/normal/c2/NP_LMNA_K9me2_Pol2_Well2_40X_F13_C2_max_proj.tif,0,0,0,0,0,0,0,0,0,0,0,\\imaging_storage\shared\users\Amulya\converted_v2\normal\c2,C:\\Users\\amulya\\documents\\progeria-prediction\\230724_normal_c2,65535,0,0.08379098773002625,0.08379099,-11.613582668996182,0.05645403284673023,file:////imaging_storage/shared/users/Amulya/converted_v2/normal/c2/NP_LMNA_K9me2_Pol2_Well2_40X_F13_C2_max_proj.tif,file:///C:/Users/amulya/documents/progeria-prediction/230724_normal_c2/NP_LMNA_K9me2_Pol2_Well2_40X_F13_C2_max_proj.png,2048
-1,3.0,3.0,0.0,0.0,0.234375,0.0,0.421875,0.25,0.296875,0.046875,0.625,NP_LMNA_K9me2_Pol2_Well2_40X_F14_C2_max_proj.tif,NP_LMNA_K9me2_Pol2_Well2_40X_F14_C2_max_proj.png,0,15,95,1,2048,15,b'eLtbPbCZG01BdC1LjSCFqaFJvLNRfG5iRXxBUX6WXklmGrgIhfkEGEAgF2IWtiAGvMCFBBGQAQ5dIA0MczsAQyiTUQ==',f20cf78186e125b04e1ab45ee93aef6b,file:////imaging_storage/shared/users/Amulya/converted_v2/normal/c2/NP_LMNA_K9me2_Pol2_Well2_40X_F14_C2_max_proj.tif,0,0,0,0,0,0,0,0,0,0,0,\\imaging_storage\shared\users\Amulya\converted_v2\normal\c2,C:\\Users\\amulya\\documents\\progeria-prediction\\230724_normal_c2,65535,0,0.09057015180587769,0.09057015,-11.943979221904835,0.08312020542314258,file:////imaging_storage/shared/users/Amulya/converted_v2/normal/c2/NP_LMNA_K9me2_Pol2_Well2_40X_F14_C2_max_proj.tif,file:///C:/Users/amulya/documents/progeria-prediction/230724_normal_c2/NP_LMNA_K9me2_Pol2_Well2_40X_F14_C2_max_proj.png,2048
-1,3.0,3.0,0.0,0.0,0.21875,0.0,0.46875,0.203125,0.265625,0.046875,0.5625,NP_LMNA_K9me2_Pol2_Well6_40X_F00_C2_max_proj.tif,NP_LMNA_K9me2_Pol2_Well6_40X_F00_C2_max_proj.png,0,16,95,1,2048,16,b'eLtbPbCZG01BdC1LzaCFqUG8s1F8bmJFfEFRfpZeSWYauAiF+QQYQCAXYha2IAa8wIUEEZABDl0gDQxzOwBC7pNQ',a146108d45fba7a3f1b346bd24350202,file:////imaging_storage/shared/users/Amulya/converted_v2/normal/c2/NP_LMNA_K9me2_Pol2_Well6_40X_F00_C2_max_proj.tif,0,0,0,0,0,0,0,0,0,0,0,\\imaging_storage\shared\users\Amulya\converted_v2\normal\c2,C:\\Users\\amulya\\documents\\progeria-prediction\\230724_normal_c2,65535,0,0.02732105553150177,0.027321056,-12.397253133434141,0.03451865990359693,file:////imaging_storage/shared/users/Amulya/converted_v2/normal/c2/NP_LMNA_K9me2_Pol2_Well6_40X_F00_C2_max_proj.tif,file:///C:/Users/amulya/documents/progeria-prediction/230724_normal_c2/NP_LMNA_K9me2_Pol2_Well6_40X_F00_C2_max_proj.png,2048
-1,1.0,1.0,0.0,0.0,0.1875,0.0,0.421875,0.21875,0.25,0.03125,0.609375,NP_LMNA_K9me2_Pol2_Well6_40X_F01_C2_max_proj.tif,NP_LMNA_K9me2_Pol2_Well6_40X_F01_C2_max_proj.png,0,17,95,1,2048,17,b'eLtbPbCZG01BdC1LzaCFqWG8s1F8bmJFfEFRfpZeSWYauAiF+QQYQCAXYha2IAa8wIUEEZABDl0gDQxzOwBDR5NR',ca1eee2a586298b19d763e2bfd33f200,file:////imaging_storage/shared/users/Amulya/converted_v2/normal/c2/NP_LMNA_K9me2_Pol2_Well6_40X_F01_C2_max_proj.tif,0,0,0,0,0,0,0,0,0,0,0,\\imaging_storage\shared\users\Amulya\converted_v2\normal\c2,C:\\Users\\amulya\\documents\\progeria-prediction\\230724_normal_c2,65535,0,0.03198660910129547,0.03198661,-12.455604862119163,0.030524043179482874,file:////imaging_storage/shared/users/Amulya/converted_v2/normal/c2/NP_LMNA_K9me2_Pol2_Well6_40X_F01_C2_max_proj.tif,file:///C:/Users/amulya/documents/progeria-prediction/230724_normal_c2/NP_LMNA_K9me2_Pol2_Well6_40X_F01_C2_max_proj.png,2048
-1,2.0,2.0,0.0,0.0,0.171875,0.0,0.484375,0.1875,0.265625,0.046875,0.59375,NP_LMNA_K9me2_Pol2_Well6_40X_F02_C2_max_proj.tif,NP_LMNA_K9me2_Pol2_Well6_40X_F02_C2_max_proj.png,0,18,95,1,2048,18,b'eLtbPbCZG01BdC1LzaCFqVG8s1F8bmJFfEFRfpZeSWYauAiF+QQYQCAXYha2IAa8wIUEEZABDl0gDQxzOwBDoJNS',59ff6061069644eec0fbf4f4c8bf60d1,file:////imaging_storage/shared/users/Amulya/converted_v2/normal/c2/NP_LMNA_K9me2_Pol2_Well6_40X_F02_C2_max_proj.tif,0,0,0,0,0,0,0,0,0,0,0,\\imaging_storage\shared\users\Amulya\converted_v2\normal\c2,C:\\Users\\amulya\\documents\\progeria-prediction\\230724_normal_c2,65535,0,0.07514166831970215,0.07514167,-12.30007064645308,0.06824565861091969,file:////imaging_storage/shared/users/Amulya/converted_v2/normal/c2/NP_LMNA_K9me2_Pol2_Well6_40X_F02_C2_max_proj.tif,file:///C:/Users/amulya/documents/progeria-prediction/230724_normal_c2/NP_LMNA_K9me2_Pol2_Well6_40X_F02_C2_max_proj.png,2048
-1,3.0,3.0,0.0,0.0,0.203125,0.0,0.453125,0.1875,0.296875,0.0625,0.609375,NP_LMNA_K9me2_Pol2_Well6_40X_F03_C2_max_proj.tif,NP_LMNA_K9me2_Pol2_Well6_40X_F03_C2_max_proj.png,0,19,95,1,2048,19,b'eLtbPbCZG01BdC1LzaCFqXG8s1F8bmJFfEFRfpZeSWYauAiF+QQYQCAXYha2IAa8wIUEEZABDl0gDQxzOwBD+ZNT',9eb91421ec67e05b3ec7d25e80d2b18f,file:////imaging_storage/shared/users/Amulya/converted_v2/normal/c2/NP_LMNA_K9me2_Pol2_Well6_40X_F03_C2_max_proj.tif,0,0,0,0,0,0,0,0,0,0,0,\\imaging_storage\shared\users\Amulya\converted_v2\normal\c2,C:\\Users\\amulya\\documents\\progeria-prediction\\230724_normal_c2,65535,0,0.10252776741981506,0.10252777,-12.135955792148302,0.0693503359033798,file:////imaging_storage/shared/users/Amulya/converted_v2/normal/c2/NP_LMNA_K9me2_Pol2_Well6_40X_F03_C2_max_proj.tif,file:///C:/Users/amulya/documents/progeria-prediction/230724_normal_c2/NP_LMNA_K9me2_Pol2_Well6_40X_F03_C2_max_proj.png,2048
-1,2.0,2.0,0.0,0.0,0.1875,0.0,0.40625,0.234375,0.296875,0.046875,0.609375,NP_LMNA_K9me2_Pol2_Well6_40X_F04_C2_max_proj.tif,NP_LMNA_K9me2_Pol2_Well6_40X_F04_C2_max_proj.png,0,20,95,1,2048,20,b'eLtbPbCZG01BdC1LzaCFqUm8s1F8bmJFfEFRfpZeSWYauAiF+QQYQCAXYha2IAa8wIUEEZABDl0gDQxzOwBEUpNU',d922f235881ec8bc8d1af2c67141c705,file:////imaging_storage/shared/users/Amulya/converted_v2/normal/c2/NP_LMNA_K9me2_Pol2_Well6_40X_F04_C2_max_proj.tif,0,0,0,0,0,0,0,0,0,0,0,\\imaging_storage\shared\users\Amulya\converted_v2\normal\c2,C:\\Users\\amulya\\documents\\progeria-prediction\\230724_normal_c2,65535,0,0.028249751776456833,0.028249752,-12.254856262043017,0.04757527477571699,file:////imaging_storage/shared/users/Amulya/converted_v2/normal/c2/NP_LMNA_K9me2_Pol2_Well6_40X_F04_C2_max_proj.tif,file:///C:/Users/amulya/documents/progeria-prediction/230724_normal_c2/NP_LMNA_K9me2_Pol2_Well6_40X_F04_C2_max_proj.png,2048
-1,8.0,8.0,0.0,0.0,0.21875,0.0,0.421875,0.203125,0.296875,0.0625,0.671875,NP_LMNA_K9me2_Pol2_Well6_40X_F05_C2_max_proj.tif,NP_LMNA_K9me2_Pol2_Well6_40X_F05_C2_max_proj.png,0,21,95,1,2048,21,b'eLtbPbCZG01BdC1LzaCFqWm8s1F8bmJFfEFRfpZeSWYauAiF+QQYQCAXYha2IAa8wIUEEZABDl0gDQxzOwBEq5NV',05b04371d84a6875b9928b62dc6b8630,file:////imaging_storage/shared/users/Amulya/converted_v2/normal/c2/NP_LMNA_K9me2_Pol2_Well6_40X_F05_C2_max_proj.tif,0,0,0,0,0,0,0,0,0,0,0,\\imaging_storage\shared\users\Amulya\converted_v2\normal\c2,C:\\Users\\amulya\\documents\\progeria-prediction\\230724_normal_c2,65535,0,0.008144909515976906,0.0081449095,-12.213291115629575,0.1109538630633864,file:////imaging_storage/shared/users/Amulya/converted_v2/normal/c2/NP_LMNA_K9me2_Pol2_Well6_40X_F05_C2_max_proj.tif,file:///C:/Users/amulya/documents/progeria-prediction/230724_normal_c2/NP_LMNA_K9me2_Pol2_Well6_40X_F05_C2_max_proj.png,2048
-1,3.0,3.0,0.0,0.0,0.171875,0.0,0.484375,0.1875,0.296875,0.046875,0.640625,NP_LMNA_K9me2_Pol2_Well6_40X_F06_C2_max_proj.tif,NP_LMNA_K9me2_Pol2_Well6_40X_F06_C2_max_proj.png,0,22,95,1,2048,22,b'eLtbPbCZG01BdC1LzaCFqVm8s1F8bmJFfEFRfpZeSWYauAiF+QQYQCAXYha2IAa8wIUEEZABDl0gDQxzOwBFBJNW',b54b1413dec6697f9908eb9a04b54c4b,file:////imaging_storage/shared/users/Amulya/converted_v2/normal/c2/NP_LMNA_K9me2_Pol2_Well6_40X_F06_C2_max_proj.tif,0,0,0,0,0,0,0,0,0,0,0,\\imaging_storage\shared\users\Amulya\converted_v2\normal\c2,C:\\Users\\amulya\\documents\\progeria-prediction\\230724_normal_c2,65535,0,0.03090711310505867,0.030907113,-12.348291807679448,0.05649823311758695,file:////imaging_storage/shared/users/Amulya/converted_v2/normal/c2/NP_LMNA_K9me2_Pol2_Well6_40X_F06_C2_max_proj.tif,file:///C:/Users/amulya/documents/progeria-prediction/230724_normal_c2/NP_LMNA_K9me2_Pol2_Well6_40X_F06_C2_max_proj.png,2048
-1,3.0,3.0,0.0,0.0,0.203125,0.0,0.421875,0.203125,0.28125,0.0625,0.640625,NP_LMNA_K9me2_Pol2_Well6_40X_F07_C2_max_proj.tif,NP_LMNA_K9me2_Pol2_Well6_40X_F07_C2_max_proj.png,0,23,95,1,2048,23,b'eLtbPbCZG01BdC1LzaCFqXm8s1F8bmJFfEFRfpZeSWYauAiF+QQYQCAXYha2IAa8wIUEEZABDl0gDQxzOwBFXZNX',d4f2289710c9e7a0fc00b59fdab966bd,file:////imaging_storage/shared/users/Amulya/converted_v2/normal/c2/NP_LMNA_K9me2_Pol2_Well6_40X_F07_C2_max_proj.tif,0,0,0,0,0,0,0,0,0,0,0,\\imaging_storage\shared\users\Amulya\converted_v2\normal\c2,C:\\Users\\amulya\\documents\\progeria-prediction\\230724_normal_c2,65535,0,0.03071591630578041,0.030715916,-12.38406238007537,0.09618809765197511,file:////imaging_storage/shared/users/Amulya/converted_v2/normal/c2/NP_LMNA_K9me2_Pol2_Well6_40X_F07_C2_max_proj.tif,file:///C:/Users/amulya/documents/progeria-prediction/230724_normal_c2/NP_LMNA_K9me2_Pol2_Well6_40X_F07_C2_max_proj.png,2048
-1,3.0,3.0,0.0,0.0,0.171875,0.0,0.46875,0.203125,0.28125,0.046875,0.609375,NP_LMNA_K9me2_Pol2_Well6_40X_F08_C2_max_proj.tif,NP_LMNA_K9me2_Pol2_Well6_40X_F08_C2_max_proj.png,0,24,95,1,2048,24,b'eLtbPbCZG01BdC1LzaCFqUW8s1F8bmJFfEFRfpZeSWYauAiF+QQYQCAXYha2IAa8wIUEEZABDl0gDQxzOwBFtpNY',423a97b4f8fada0876aaff99644bc5fe,file:////imaging_storage/shared/users/Amulya/converted_v2/normal/c2/NP_LMNA_K9me2_Pol2_Well6_40X_F08_C2_max_proj.tif,0,0,0,0,0,0,0,0,0,0,0,\\imaging_storage\shared\users\Amulya\converted_v2\normal\c2,C:\\Users\\amulya\\documents\\progeria-prediction\\230724_normal_c2,65535,0,0.052040278911590576,0.05204028,-12.229367272527544,0.0615703561496872,file:////imaging_storage/shared/users/Amulya/converted_v2/normal/c2/NP_LMNA_K9me2_Pol2_Well6_40X_F08_C2_max_proj.tif,file:///C:/Users/amulya/documents/progeria-prediction/230724_normal_c2/NP_LMNA_K9me2_Pol2_Well6_40X_F08_C2_max_proj.png,2048
-1,3.0,3.0,0.0,0.0,0.140625,0.0,0.515625,0.21875,0.25,0.03125,0.578125,NP_LMNA_K9me2_Pol2_Well6_40X_F09_C2_max_proj.tif,NP_LMNA_K9me2_Pol2_Well6_40X_F09_C2_max_proj.png,0,25,95,1,2048,25,b'eLtbPbCZG01BdC1LzaCFqWW8s1F8bmJFfEFRfpZeSWYauAiF+QQYQCAXYha2IAa8wIUEEZABDl0gDQxzOwBGD5NZ',276274ee612fbfef5808ad5bee67b631,file:////imaging_storage/shared/users/Amulya/converted_v2/normal/c2/NP_LMNA_K9me2_Pol2_Well6_40X_F09_C2_max_proj.tif,0,0,0,0,0,0,0,0,0,0,0,\\imaging_storage\shared\users\Amulya\converted_v2\normal\c2,C:\\Users\\amulya\\documents\\progeria-prediction\\230724_normal_c2,65535,0,0.1024448573589325,0.10244486,-12.641251813605818,0.08295540249632438,file:////imaging_storage/shared/users/Amulya/converted_v2/normal/c2/NP_LMNA_K9me2_Pol2_Well6_40X_F09_C2_max_proj.tif,file:///C:/Users/amulya/documents/progeria-prediction/230724_normal_c2/NP_LMNA_K9me2_Pol2_Well6_40X_F09_C2_max_proj.png,2048
-1,9.0,9.0,0.0,0.0,0.21875,0.0,0.46875,0.203125,0.28125,0.125,0.71875,PostEX_NP_IF_LMNA_K9me2_K9me3_10_C2_max_proj.tif,PostEX_NP_IF_LMNA_K9me2_K9me3_10_C2_max_proj.png,0,26,95,1,2048,26,b'eLtbPbCZG01BdEhBSKUqiDSONzSIdzaKz02siC8oys/SK8lMAxehMJ8AAwjkQszCFsSAF7iQIAIywKELpIFhbgcAXD+Tgw==',11f1882de0cec88c75663062c887bef1,file:////imaging_storage/shared/users/Amulya/converted_v2/normal/c2/PostEX_NP_IF_LMNA_K9me2_K9me3_10_C2_max_proj.tif,0,0,0,0,0,0,0,0,0,0,0,\\imaging_storage\shared\users\Amulya\converted_v2\normal\c2,C:\\Users\\amulya\\documents\\progeria-prediction\\230724_normal_c2,65535,0,0.02580469846725464,0.025804698,-12.763518665665227,0.1067817800636135,file:////imaging_storage/shared/users/Amulya/converted_v2/normal/c2/PostEX_NP_IF_LMNA_K9me2_K9me3_10_C2_max_proj.tif,file:///C:/Users/amulya/documents/progeria-prediction/230724_normal_c2/PostEX_NP_IF_LMNA_K9me2_K9me3_10_C2_max_proj.png,2048
-1,5.0,5.0,0.0,0.0,0.171875,0.0,0.46875,0.203125,0.265625,0.0625,0.625,PostEX_NP_IF_LMNA_K9me2_K9me3_11_C2_max_proj.tif,PostEX_NP_IF_LMNA_K9me2_K9me3_11_C2_max_proj.png,0,27,95,1,2048,27,b'eLtbPbCZG01BdEhBSKUqiDSONzSMdzaKz02siC8oys/SK8lMAxehMJ8AAwjkQszCFsSAF7iQIAIywKELpIFhbgcAXJiThA==',773ba757a744574c2f440f6572a6ddd6,file:////imaging_storage/shared/users/Amulya/converted_v2/normal/c2/PostEX_NP_IF_LMNA_K9me2_K9me3_11_C2_max_proj.tif,0,0,0,0,0,0,0,0,0,0,0,\\imaging_storage\shared\users\Amulya\converted_v2\normal\c2,C:\\Users\\amulya\\documents\\progeria-prediction\\230724_normal_c2,65535,0,0.03290471434593201,0.032904714,-12.84134445950857,0.09435945707809879,file:////imaging_storage/shared/users/Amulya/converted_v2/normal/c2/PostEX_NP_IF_LMNA_K9me2_K9me3_11_C2_max_proj.tif,file:///C:/Users/amulya/documents/progeria-prediction/230724_normal_c2/PostEX_NP_IF_LMNA_K9me2_K9me3_11_C2_max_proj.png,2048
-1,3.0,3.0,0.0,0.0,0.15625,0.0,0.453125,0.203125,0.28125,0.046875,0.625,PostEX_NP_IF_LMNA_K9me2_K9me3_12_C2_max_proj.tif,PostEX_NP_IF_LMNA_K9me2_K9me3_12_C2_max_proj.png,0,28,95,1,2048,28,b'eLtbPbCZG01BdEhBSKUqiDSONzSKdzaKz02siC8oys/SK8lMAxehMJ8AAwjkQszCFsSAF7iQIAIywKELpIFhbgcAXPGThQ==',2a82d93555ee0b61bd7290498f1854be,file:////imaging_storage/shared/users/Amulya/converted_v2/normal/c2/PostEX_NP_IF_LMNA_K9me2_K9me3_12_C2_max_proj.tif,0,0,0,0,0,0,0,0,0,0,0,\\imaging_storage\shared\users\Amulya\converted_v2\normal\c2,C:\\Users\\amulya\\documents\\progeria-prediction\\230724_normal_c2,65535,0,0.024552546441555023,0.024552546,-12.805162795070206,0.02915681804752701,file:////imaging_storage/shared/users/Amulya/converted_v2/normal/c2/PostEX_NP_IF_LMNA_K9me2_K9me3_12_C2_max_proj.tif,file:///C:/Users/amulya/documents/progeria-prediction/230724_normal_c2/PostEX_NP_IF_LMNA_K9me2_K9me3_12_C2_max_proj.png,2048
-1,3.0,3.0,0.0,0.0,0.171875,0.0,0.46875,0.203125,0.25,0.0625,0.578125,PostEX_NP_IF_LMNA_K9me2_K9me3_13_C2_max_proj.tif,PostEX_NP_IF_LMNA_K9me2_K9me3_13_C2_max_proj.png,0,29,95,1,2048,29,b'eLtbPbCZG01BdEhBSKUqiDSONzSOdzaKz02siC8oys/SK8lMAxehMJ8AAwjkQszCFsSAF7iQIAIywKELpIFhbgcAXUqThg==',b3878164eb27b586ffdf0f9aff04e202,file:////imaging_storage/shared/users/Amulya/converted_v2/normal/c2/PostEX_NP_IF_LMNA_K9me2_K9me3_13_C2_max_proj.tif,0,0,0,0,0,0,0,0,0,0,0,\\imaging_storage\shared\users\Amulya\converted_v2\normal\c2,C:\\Users\\amulya\\documents\\progeria-prediction\\230724_normal_c2,65535,0,0.0034788392949849367,0.0034788393,-13.469919183431683,0.03430709958184508,file:////imaging_storage/shared/users/Amulya/converted_v2/normal/c2/PostEX_NP_IF_LMNA_K9me2_K9me3_13_C2_max_proj.tif,file:///C:/Users/amulya/documents/progeria-prediction/230724_normal_c2/PostEX_NP_IF_LMNA_K9me2_K9me3_13_C2_max_proj.png,2048
-1,4.0,4.0,0.0,0.0,0.171875,0.0,0.4375,0.21875,0.296875,0.03125,0.703125,PostEX_NP_IF_LMNA_K9me2_K9me3_14_C2_max_proj.tif,PostEX_NP_IF_LMNA_K9me2_K9me3_14_C2_max_proj.png,0,30,95,1,2048,30,b'eLtbPbCZG01BdEhBSKUqiDSONzSJdzaKz02siC8oys/SK8lMAxehMJ8AAwjkQszCFsSAF7iQIAIywKELpIFhbgcAXaOThw==',daa0ec738eb6c9b9a28b58d5da2448b2,file:////imaging_storage/shared/users/Amulya/converted_v2/normal/c2/PostEX_NP_IF_LMNA_K9me2_K9me3_14_C2_max_proj.tif,0,0,0,0,0,0,0,0,0,0,0,\\imaging_storage\shared\users\Amulya\converted_v2\normal\c2,C:\\Users\\amulya\\documents\\progeria-prediction\\230724_normal_c2,65535,0,0.03726327046751976,0.03726327,-12.579863728766545,0.11196219707501598,file:////imaging_storage/shared/users/Amulya/converted_v2/normal/c2/PostEX_NP_IF_LMNA_K9me2_K9me3_14_C2_max_proj.tif,file:///C:/Users/amulya/documents/progeria-prediction/230724_normal_c2/PostEX_NP_IF_LMNA_K9me2_K9me3_14_C2_max_proj.png,2048
-1,2.0,2.0,0.0,0.0,0.15625,0.0,0.53125,0.21875,0.25,0.046875,0.640625,PostEX_NP_IF_LMNA_K9me2_K9me3_15_C2_max_proj.tif,PostEX_NP_IF_LMNA_K9me2_K9me3_15_C2_max_proj.png,0,31,95,1,2048,31,b'eLtbPbCZG01BdEhBSKUqiDSONzSNdzaKz02siC8oys/SK8lMAxehMJ8AAwjkQszCFsSAF7iQIAIywKELpIFhbgcAXfyTiA==',7a6c604eb5e313983dffd0306628f985,file:////imaging_storage/shared/users/Amulya/converted_v2/normal/c2/PostEX_NP_IF_LMNA_K9me2_K9me3_15_C2_max_proj.tif,0,0,0,0,0,0,0,0,0,0,0,\\imaging_storage\shared\users\Amulya\converted_v2\normal\c2,C:\\Users\\amulya\\documents\\progeria-prediction\\230724_normal_c2,65535,0,0.03357556462287903,0.033575565,-12.464193020528862,0.056183797657269,file:////imaging_storage/shared/users/Amulya/converted_v2/normal/c2/PostEX_NP_IF_LMNA_K9me2_K9me3_15_C2_max_proj.tif,file:///C:/Users/amulya/documents/progeria-prediction/230724_normal_c2/PostEX_NP_IF_LMNA_K9me2_K9me3_15_C2_max_proj.png,2048
-1,3.0,3.0,0.0,0.0,0.296875,0.0,0.484375,0.234375,0.25,0.078125,0.640625,PostEX_NP_IF_LMNA_K9me2_K9me3_16_C2_max_proj.tif,PostEX_NP_IF_LMNA_K9me2_K9me3_16_C2_max_proj.png,0,32,95,1,2048,32,b'eLtbPbCZG01BdEhBSKUqiDSONzSLdzaKz02siC8oys/SK8lMAxehMJ8AAwjkQszCFsSAF7iQIAIywKELpIFhbgcAXlWTiQ==',e55e8dedf2de97d13a98074241e76f86,file:////imaging_storage/shared/users/Amulya/converted_v2/normal/c2/PostEX_NP_IF_LMNA_K9me2_K9me3_16_C2_max_proj.tif,0,0,0,0,0,0,0,0,0,0,0,\\imaging_storage\shared\users\Amulya\converted_v2\normal\c2,C:\\Users\\amulya\\documents\\progeria-prediction\\230724_normal_c2,65535,0,0.02912973240017891,0.029129732,-12.700428250950472,0.04325894313496548,file:////imaging_storage/shared/users/Amulya/converted_v2/normal/c2/PostEX_NP_IF_LMNA_K9me2_K9me3_16_C2_max_proj.tif,file:///C:/Users/amulya/documents/progeria-prediction/230724_normal_c2/PostEX_NP_IF_LMNA_K9me2_K9me3_16_C2_max_proj.png,2048
-1,2.0,2.0,0.0,0.0,0.171875,0.0,0.484375,0.203125,0.3125,0.046875,0.71875,PostEX_NP_IF_LMNA_K9me2_K9me3_17_C2_max_proj.tif,PostEX_NP_IF_LMNA_K9me2_K9me3_17_C2_max_proj.png,0,33,95,1,2048,33,b'eLtbPbCZG01BdEhBSKUqiDSONzSPdzaKz02siC8oys/SK8lMAxehMJ8AAwjkQszCFsSAF7iQIAIywKELpIFhbgcAXq6Tig==',36353184a1b25c723187acd62fd4bd0d,file:////imaging_storage/shared/users/Amulya/converted_v2/normal/c2/PostEX_NP_IF_LMNA_K9me2_K9me3_17_C2_max_proj.tif,0,0,0,0,0,0,0,0,0,0,0,\\imaging_storage\shared\users\Amulya\converted_v2\normal\c2,C:\\Users\\amulya\\documents\\progeria-prediction\\230724_normal_c2,65535,0,0.028971467167139053,0.028971467,-12.804298787383116,0.04566580849053281,file:////imaging_storage/shared/users/Amulya/converted_v2/normal/c2/PostEX_NP_IF_LMNA_K9me2_K9me3_17_C2_max_proj.tif,file:///C:/Users/amulya/documents/progeria-prediction/230724_normal_c2/PostEX_NP_IF_LMNA_K9me2_K9me3_17_C2_max_proj.png,2048
-1,3.0,3.0,0.0,0.0,0.15625,0.0,0.375,0.1875,0.3125,0.0625,0.625,PostEX_NP_IF_LMNA_K9me2_K9me3_18_C2_max_proj.tif,PostEX_NP_IF_LMNA_K9me2_K9me3_18_C2_max_proj.png,0,34,95,1,2048,34,b'eLtbPbCZG01BdEhBSKUqiDSON7SIdzaKz02siC8oys/SK8lMAxehMJ8AAwjkQszCFsSAF7iQIAIywKELpIFhbgcAXweTiw==',564a91c16e4c439d66d776107eaa3001,file:////imaging_storage/shared/users/Amulya/converted_v2/normal/c2/PostEX_NP_IF_LMNA_K9me2_K9me3_18_C2_max_proj.tif,0,0,0,0,0,0,0,0,0,0,0,\\imaging_storage\shared\users\Amulya\converted_v2\normal\c2,C:\\Users\\amulya\\documents\\progeria-prediction\\230724_normal_c2,65535,0,0.03271052613854408,0.032710526,-12.835775210372816,0.1318026401540351,file:////imaging_storage/shared/users/Amulya/converted_v2/normal/c2/PostEX_NP_IF_LMNA_K9me2_K9me3_18_C2_max_proj.tif,file:///C:/Users/amulya/documents/progeria-prediction/230724_normal_c2/PostEX_NP_IF_LMNA_K9me2_K9me3_18_C2_max_proj.png,2048
-1,1.0,1.0,0.0,0.0,0.140625,0.0,0.390625,0.203125,0.25,0.03125,0.609375,PostEX_NP_IF_LMNA_K9me2_K9me3_1_C2_max_proj.tif,PostEX_NP_IF_LMNA_K9me2_K9me3_1_C2_max_proj.png,0,35,95,1,2048,35,b'eLtbPbCZG01BdEhBSKUqiDQGJh1no/jcxIr4gqL8LL2SzDRwCQrzCDB8QA7ELGtBDHh5CwkhIAMcuEAaGOR2ANMAk1M=',eca50fd5001716b4b3dca5e97b91c88a,file:////imaging_storage/shared/users/Amulya/converted_v2/normal/c2/PostEX_NP_IF_LMNA_K9me2_K9me3_1_C2_max_proj.tif,0,0,0,0,0,0,0,0,0,0,0,\\imaging_storage\shared\users\Amulya\converted_v2\normal\c2,C:\\Users\\amulya\\documents\\progeria-prediction\\230724_normal_c2,65535,0,0.03814415633678436,0.038144156,-12.690465806563239,0.07525272065467448,file:////imaging_storage/shared/users/Amulya/converted_v2/normal/c2/PostEX_NP_IF_LMNA_K9me2_K9me3_1_C2_max_proj.tif,file:///C:/Users/amulya/documents/progeria-prediction/230724_normal_c2/PostEX_NP_IF_LMNA_K9me2_K9me3_1_C2_max_proj.png,2048
-1,4.0,4.0,0.0,0.0,0.1875,0.0,0.390625,0.21875,0.28125,0.046875,0.65625,PostEX_NP_IF_LMNA_K9me2_K9me3_2_C2_max_proj.tif,PostEX_NP_IF_LMNA_K9me2_K9me3_2_C2_max_proj.png,0,36,95,1,2048,36,b'eLtbPbCZG01BdEhBSKUqiDSON4p3NorPTayILyjKz9IryUwDl6AwjwDDB+RAzLIWxICXt5AQAjLAgQukgUFuBwDTWZNU',7571d8ff072dca14798f498ecde730b3,file:////imaging_storage/shared/users/Amulya/converted_v2/normal/c2/PostEX_NP_IF_LMNA_K9me2_K9me3_2_C2_max_proj.tif,0,0,0,0,0,0,0,0,0,0,0,\\imaging_storage\shared\users\Amulya\converted_v2\normal\c2,C:\\Users\\amulya\\documents\\progeria-prediction\\230724_normal_c2,65535,0,0.0024140996392816305,0.0024140996,-13.227863113719351,0.06696178793399099,file:////imaging_storage/shared/users/Amulya/converted_v2/normal/c2/PostEX_NP_IF_LMNA_K9me2_K9me3_2_C2_max_proj.tif,file:///C:/Users/amulya/documents/progeria-prediction/230724_normal_c2/PostEX_NP_IF_LMNA_K9me2_K9me3_2_C2_max_proj.png,2048
-1,3.0,3.0,0.0,0.0,0.171875,0.0,0.5,0.21875,0.265625,0.046875,0.609375,PostEX_NP_IF_LMNA_K9me2_K9me3_3_C2_max_proj.tif,PostEX_NP_IF_LMNA_K9me2_K9me3_3_C2_max_proj.png,0,37,95,1,2048,37,b'eLtbPbCZG01BdEhBSKUqiDSON453NorPTayILyjKz9IryUwDl6AwjwDDB+RAzLIWxICXt5AQAjLAgQukgUFuBwDTspNV',e7bf672d2147a617c689dfbb4fe8f1a6,file:////imaging_storage/shared/users/Amulya/converted_v2/normal/c2/PostEX_NP_IF_LMNA_K9me2_K9me3_3_C2_max_proj.tif,0,0,0,0,0,0,0,0,0,0,0,\\imaging_storage\shared\users\Amulya\converted_v2\normal\c2,C:\\Users\\amulya\\documents\\progeria-prediction\\230724_normal_c2,65535,0,0.037645865231752396,0.037645865,-12.524391093267523,0.0991397495723163,file:////imaging_storage/shared/users/Amulya/converted_v2/normal/c2/PostEX_NP_IF_LMNA_K9me2_K9me3_3_C2_max_proj.tif,file:///C:/Users/amulya/documents/progeria-prediction/230724_normal_c2/PostEX_NP_IF_LMNA_K9me2_K9me3_3_C2_max_proj.png,2048
-1,10.0,10.0,0.0,0.0,0.125,0.0,0.40625,0.21875,0.359375,0.09375,0.6875,PostEX_NP_IF_LMNA_K9me2_K9me3_4_C2_max_proj.tif,PostEX_NP_IF_LMNA_K9me2_K9me3_4_C2_max_proj.png,0,38,95,1,2048,38,b'eLtbPbCZG01BdEhBSKUqiDSON4l3NorPTayILyjKz9IryUwDl6AwjwDDB+RAzLIWxICXt5AQAjLAgQukgUFuBwDUC5NW',497bfd10f8b4542672a2d8873069d151,file:////imaging_storage/shared/users/Amulya/converted_v2/normal/c2/PostEX_NP_IF_LMNA_K9me2_K9me3_4_C2_max_proj.tif,0,0,0,0,0,0,0,0,0,0,0,\\imaging_storage\shared\users\Amulya\converted_v2\normal\c2,C:\\Users\\amulya\\documents\\progeria-prediction\\230724_normal_c2,65535,0,0.025644689798355103,0.02564469,-12.775015435391587,0.09132836724592153,file:////imaging_storage/shared/users/Amulya/converted_v2/normal/c2/PostEX_NP_IF_LMNA_K9me2_K9me3_4_C2_max_proj.tif,file:///C:/Users/amulya/documents/progeria-prediction/230724_normal_c2/PostEX_NP_IF_LMNA_K9me2_K9me3_4_C2_max_proj.png,2048
-1,6.0,6.0,0.0,0.0,0.15625,0.0,0.453125,0.203125,0.296875,0.046875,0.65625,PostEX_NP_IF_LMNA_K9me2_K9me3_5_C2_max_proj.tif,PostEX_NP_IF_LMNA_K9me2_K9me3_5_C2_max_proj.png,0,39,95,1,2048,39,b'eLtbPbCZG01BdEhBSKUqiDSON413NorPTayILyjKz9IryUwDl6AwjwDDB+RAzLIWxICXt5AQAjLAgQukgUFuBwDUZJNX',bb247651809879966cf096e5c3092fc4,file:////imaging_storage/shared/users/Amulya/converted_v2/normal/c2/PostEX_NP_IF_LMNA_K9me2_K9me3_5_C2_max_proj.tif,0,0,0,0,0,0,0,0,0,0,0,\\imaging_storage\shared\users\Amulya\converted_v2\normal\c2,C:\\Users\\amulya\\documents\\progeria-prediction\\230724_normal_c2,65535,0,0.028551360592246056,0.02855136,-12.48931061218692,0.05105812070311089,file:////imaging_storage/shared/users/Amulya/converted_v2/normal/c2/PostEX_NP_IF_LMNA_K9me2_K9me3_5_C2_max_proj.tif,file:///C:/Users/amulya/documents/progeria-prediction/230724_normal_c2/PostEX_NP_IF_LMNA_K9me2_K9me3_5_C2_max_proj.png,2048
-1,7.0,7.0,0.0,0.0,0.1875,0.0,0.40625,0.203125,0.28125,0.078125,0.671875,PostEX_NP_IF_LMNA_K9me2_K9me3_6_C2_max_proj.tif,PostEX_NP_IF_LMNA_K9me2_K9me3_6_C2_max_proj.png,0,40,95,1,2048,40,b'eLtbPbCZG01BdEhBSKUqiDSON4t3NorPTayILyjKz9IryUwDl6AwjwDDB+RAzLIWxICXt5AQAjLAgQukgUFuBwDUvZNY',b12e1e14166b0f6f3fd22454a8a63660,file:////imaging_storage/shared/users/Amulya/converted_v2/normal/c2/PostEX_NP_IF_LMNA_K9me2_K9me3_6_C2_max_proj.tif,0,0,0,0,0,0,0,0,0,0,0,\\imaging_storage\shared\users\Amulya\converted_v2\normal\c2,C:\\Users\\amulya\\documents\\progeria-prediction\\230724_normal_c2,65535,0,0.026570923626422882,0.026570924,-12.59276423117636,0.05283059040546334,file:////imaging_storage/shared/users/Amulya/converted_v2/normal/c2/PostEX_NP_IF_LMNA_K9me2_K9me3_6_C2_max_proj.tif,file:///C:/Users/amulya/documents/progeria-prediction/230724_normal_c2/PostEX_NP_IF_LMNA_K9me2_K9me3_6_C2_max_proj.png,2048
-1,4.0,4.0,0.0,0.0,0.1875,0.0,0.453125,0.234375,0.28125,0.046875,0.640625,PostEX_NP_IF_LMNA_K9me2_K9me3_7_C2_max_proj.tif,PostEX_NP_IF_LMNA_K9me2_K9me3_7_C2_max_proj.png,0,41,95,1,2048,41,b'eLtbPbCZG01BdEhBSKUqiDSON493NorPTayILyjKz9IryUwDl6AwjwDDB+RAzLIWxICXt5AQAjLAgQukgUFuBwDVFpNZ',033a8a56418c8eeb92ec3248f78ef209,file:////imaging_storage/shared/users/Amulya/converted_v2/normal/c2/PostEX_NP_IF_LMNA_K9me2_K9me3_7_C2_max_proj.tif,0,0,0,0,0,0,0,0,0,0,0,\\imaging_storage\shared\users\Amulya\converted_v2\normal\c2,C:\\Users\\amulya\\documents\\progeria-prediction\\230724_normal_c2,65535,0,0.025079671293497086,0.025079671,-12.741958677340598,0.04438502883311912,file:////imaging_storage/shared/users/Amulya/converted_v2/normal/c2/PostEX_NP_IF_LMNA_K9me2_K9me3_7_C2_max_proj.tif,file:///C:/Users/amulya/documents/progeria-prediction/230724_normal_c2/PostEX_NP_IF_LMNA_K9me2_K9me3_7_C2_max_proj.png,2048
-1,6.0,6.0,0.0,0.0,0.171875,0.0,0.359375,0.21875,0.296875,0.0625,0.609375,PostEX_NP_IF_LMNA_K9me2_K9me3_8_C2_max_proj.tif,PostEX_NP_IF_LMNA_K9me2_K9me3_8_C2_max_proj.png,0,42,95,1,2048,42,b'eLtbPbCZG01BdEhBSKUqiDSOt4h3NorPTayILyjKz9IryUwDl6AwjwDDB+RAzLIWxICXt5AQAjLAgQukgUFuBwDVb5Na',a6d4336b7f87ff81d4e791a1ecb10d04,file:////imaging_storage/shared/users/Amulya/converted_v2/normal/c2/PostEX_NP_IF_LMNA_K9me2_K9me3_8_C2_max_proj.tif,0,0,0,0,0,0,0,0,0,0,0,\\imaging_storage\shared\users\Amulya\converted_v2\normal\c2,C:\\Users\\amulya\\documents\\progeria-prediction\\230724_normal_c2,65535,0,0.03172924742102623,0.031729247,-12.477813151816513,0.039080145087396545,file:////imaging_storage/shared/users/Amulya/converted_v2/normal/c2/PostEX_NP_IF_LMNA_K9me2_K9me3_8_C2_max_proj.tif,file:///C:/Users/amulya/documents/progeria-prediction/230724_normal_c2/PostEX_NP_IF_LMNA_K9me2_K9me3_8_C2_max_proj.png,2048
-1,2.0,2.0,0.0,0.0,0.140625,0.0,0.453125,0.1875,0.25,0.046875,0.65625,PostEX_NP_IF_LMNA_K9me2_K9me3_9_C2_max_proj.tif,PostEX_NP_IF_LMNA_K9me2_K9me3_9_C2_max_proj.png,0,43,95,1,2048,43,b'eLtbPbCZG01BdEhBSKUqiDSOt4x3NorPTayILyjKz9IryUwDl6AwjwDDB+RAzLIWxICXt5AQAjLAgQukgUFuBwDVyJNb',b1dad5f073316a026f0551560b76b91d,file:////imaging_storage/shared/users/Amulya/converted_v2/normal/c2/PostEX_NP_IF_LMNA_K9me2_K9me3_9_C2_max_proj.tif,0,0,0,0,0,0,0,0,0,0,0,\\imaging_storage\shared\users\Amulya\converted_v2\normal\c2,C:\\Users\\amulya\\documents\\progeria-prediction\\230724_normal_c2,65535,0,0.03225484490394592,0.032254845,-12.71800295904405,0.07730919031837402,file:////imaging_storage/shared/users/Amulya/converted_v2/normal/c2/PostEX_NP_IF_LMNA_K9me2_K9me3_9_C2_max_proj.tif,file:///C:/Users/amulya/documents/progeria-prediction/230724_normal_c2/PostEX_NP_IF_LMNA_K9me2_K9me3_9_C2_max_proj.png,2048
-1,5.0,5.0,0.0,0.0,0.15625,0.0,0.421875,0.203125,0.28125,0.046875,0.6875,PostEX_NP_IF_LMNA_K9me2_K9me3_C2_max_proj.tif,PostEX_NP_IF_LMNA_K9me2_K9me3_C2_max_proj.png,0,44,95,1,2048,44,b'eLtbPbCZG01BdEhBSKUqiDSOdzaKz02siC8oys/SK8lMA5efMG8AQwfkPMySFsSAl7aQ8AEywEELpIEBbgcAsKKSww==',4a9f04485e5721974dbda5682482ddc1,file:////imaging_storage/shared/users/Amulya/converted_v2/normal/c2/PostEX_NP_IF_LMNA_K9me2_K9me3_C2_max_proj.tif,0,0,0,0,0,0,0,0,0,0,0,\\imaging_storage\shared\users\Amulya\converted_v2\normal\c2,C:\\Users\\amulya\\documents\\progeria-prediction\\230724_normal_c2,65535,0,0.03310920670628548,0.033109207,-12.301805302311642,0.049683962554993855,file:////imaging_storage/shared/users/Amulya/converted_v2/normal/c2/PostEX_NP_IF_LMNA_K9me2_K9me3_C2_max_proj.tif,file:///C:/Users/amulya/documents/progeria-prediction/230724_normal_c2/PostEX_NP_IF_LMNA_K9me2_K9me3_C2_max_proj.png,2048
-1,7.0,7.0,0.0,0.0,0.1875,0.0,0.453125,0.21875,0.28125,0.078125,0.734375,PostEX_NP_IF_LMNA_Nup_LMNB1_10_C2_max_proj.tif,PostEX_NP_IF_LMNA_Nup_LMNB1_10_C2_max_proj.png,0,45,95,1,2048,45,b'eLtbPbCZG01BdEhB6AnHIN7ZKD43sSK+oCg/S68kMw1cgML8AQwekPswi1oQA17cQgIIyACHLZAGhrgdAD+ckv8=',dd9509ee41acc02202a0f727dc2e6d10,file:////imaging_storage/shared/users/Amulya/converted_v2/normal/c2/PostEX_NP_IF_LMNA_Nup_LMNB1_10_C2_max_proj.tif,0,0,0,0,0,0,0,0,0,0,0,\\imaging_storage\shared\users\Amulya\converted_v2\normal\c2,C:\\Users\\amulya\\documents\\progeria-prediction\\230724_normal_c2,65535,0,0.0868188738822937,0.086818874,-12.138524959919843,0.07411647652747888,file:////imaging_storage/shared/users/Amulya/converted_v2/normal/c2/PostEX_NP_IF_LMNA_Nup_LMNB1_10_C2_max_proj.tif,file:///C:/Users/amulya/documents/progeria-prediction/230724_normal_c2/PostEX_NP_IF_LMNA_Nup_LMNB1_10_C2_max_proj.png,2048
-1,4.0,4.0,0.0,0.0,0.15625,0.0,0.46875,0.1875,0.25,0.046875,0.609375,PostEX_NP_IF_LMNA_Nup_LMNB1_11_C2_max_proj.tif,PostEX_NP_IF_LMNA_Nup_LMNB1_11_C2_max_proj.png,0,46,95,1,2048,46,b'eLtbPbCZG01BdEhB6AnHMN7ZKD43sSK+oCg/S68kMw1cgML8AQwekPswi1oQA17cQgIIyACHLZAGhrgdAD/1kwA=',ec1f6a724553fdeba7441ede540e4e3e,file:////imaging_storage/shared/users/Amulya/converted_v2/normal/c2/PostEX_NP_IF_LMNA_Nup_LMNB1_11_C2_max_proj.tif,0,0,0,0,0,0,0,0,0,0,0,\\imaging_storage\shared\users\Amulya\converted_v2\normal\c2,C:\\Users\\amulya\\documents\\progeria-prediction\\230724_normal_c2,65535,0,0.02479686215519905,0.024796862,-13.303643216641785,0.12293126844451763,file:////imaging_storage/shared/users/Amulya/converted_v2/normal/c2/PostEX_NP_IF_LMNA_Nup_LMNB1_11_C2_max_proj.tif,file:///C:/Users/amulya/documents/progeria-prediction/230724_normal_c2/PostEX_NP_IF_LMNA_Nup_LMNB1_11_C2_max_proj.png,2048
-1,2.0,2.0,0.0,0.0,0.203125,0.0,0.453125,0.21875,0.265625,0.0625,0.609375,PostEX_NP_IF_LMNA_Nup_LMNB1_12_C2_max_proj.tif,PostEX_NP_IF_LMNA_Nup_LMNB1_12_C2_max_proj.png,0,47,95,1,2048,47,b'eLtbPbCZG01BdEhB6AnHKN7ZKD43sSK+oCg/S68kMw1cgML8AQwekPswi1oQA17cQgIIyACHLZAGhrgdAEBOkwE=',577168012d2666d2bfba5cb76818170b,file:////imaging_storage/shared/users/Amulya/converted_v2/normal/c2/PostEX_NP_IF_LMNA_Nup_LMNB1_12_C2_max_proj.tif,0,0,0,0,0,0,0,0,0,0,0,\\imaging_storage\shared\users\Amulya\converted_v2\normal\c2,C:\\Users\\amulya\\documents\\progeria-prediction\\230724_normal_c2,65535,0,0.03069121763110161,0.030691218,-13.097065099591521,0.10731972328812844,file:////imaging_storage/shared/users/Amulya/converted_v2/normal/c2/PostEX_NP_IF_LMNA_Nup_LMNB1_12_C2_max_proj.tif,file:///C:/Users/amulya/documents/progeria-prediction/230724_normal_c2/PostEX_NP_IF_LMNA_Nup_LMNB1_12_C2_max_proj.png,2048
-1,5.0,5.0,0.0,0.0,0.125,0.0,0.46875,0.1875,0.265625,0.0625,0.671875,PostEX_NP_IF_LMNA_Nup_LMNB1_14_C2_max_proj.tif,PostEX_NP_IF_LMNA_Nup_LMNB1_14_C2_max_proj.png,0,48,95,1,2048,48,b'eLtbPbCZG01BdEhB6AnHJN7ZKD43sSK+oCg/S68kMw1cgML8AQwekPswi1oQA17cQgIIyACHLZAGhrgdAEEAkwM=',f762ed98f24b4e83732e0a9d3232ed8d,file:////imaging_storage/shared/users/Amulya/converted_v2/normal/c2/PostEX_NP_IF_LMNA_Nup_LMNB1_14_C2_max_proj.tif,0,0,0,0,0,0,0,0,0,0,0,\\imaging_storage\shared\users\Amulya\converted_v2\normal\c2,C:\\Users\\amulya\\documents\\progeria-prediction\\230724_normal_c2,65535,0,0.033280663192272186,0.033280663,-13.12507489314227,0.1604852826889669,file:////imaging_storage/shared/users/Amulya/converted_v2/normal/c2/PostEX_NP_IF_LMNA_Nup_LMNB1_14_C2_max_proj.tif,file:///C:/Users/amulya/documents/progeria-prediction/230724_normal_c2/PostEX_NP_IF_LMNA_Nup_LMNB1_14_C2_max_proj.png,2048
-1,6.0,6.0,0.0,0.0,0.15625,0.0,0.421875,0.234375,0.3125,0.0625,0.671875,PostEX_NP_IF_LMNA_Nup_LMNB1_15_C2_max_proj.tif,PostEX_NP_IF_LMNA_Nup_LMNB1_15_C2_max_proj.png,0,49,95,1,2048,49,b'eLtbPbCZG01BdEhB6AnHNN7ZKD43sSK+oCg/S68kMw1cgML8AQwekPswi1oQA17cQgIIyACHLZAGhrgdAEFZkwQ=',47ba82beba9ae3dc70460a798a6eb547,file:////imaging_storage/shared/users/Amulya/converted_v2/normal/c2/PostEX_NP_IF_LMNA_Nup_LMNB1_15_C2_max_proj.tif,0,0,0,0,0,0,0,0,0,0,0,\\imaging_storage\shared\users\Amulya\converted_v2\normal\c2,C:\\Users\\amulya\\documents\\progeria-prediction\\230724_normal_c2,65535,0,0.02873465046286583,0.02873465,-12.43962914230664,0.10903206103493801,file:////imaging_storage/shared/users/Amulya/converted_v2/normal/c2/PostEX_NP_IF_LMNA_Nup_LMNB1_15_C2_max_proj.tif,file:///C:/Users/amulya/documents/progeria-prediction/230724_normal_c2/PostEX_NP_IF_LMNA_Nup_LMNB1_15_C2_max_proj.png,2048
-1,3.0,3.0,0.0,0.0,0.1875,0.0,0.453125,0.203125,0.3125,0.078125,0.65625,PostEX_NP_IF_LMNA_Nup_LMNB1_16_C2_max_proj.tif,PostEX_NP_IF_LMNA_Nup_LMNB1_16_C2_max_proj.png,0,50,95,1,2048,50,b'eLtbPbCZG01BdEhB6AnHLN7ZKD43sSK+oCg/S68kMw1cgML8AQwekPswi1oQA17cQgIIyACHLZAGhrgdAEGykwU=',3ab25bac90584d48721c92b8bc3b40e3,file:////imaging_storage/shared/users/Amulya/converted_v2/normal/c2/PostEX_NP_IF_LMNA_Nup_LMNB1_16_C2_max_proj.tif,0,0,0,0,0,0,0,0,0,0,0,\\imaging_storage\shared\users\Amulya\converted_v2\normal\c2,C:\\Users\\amulya\\documents\\progeria-prediction\\230724_normal_c2,65535,0,0.027032677084207535,0.027032677,-12.969696742652697,0.05335617048189434,file:////imaging_storage/shared/users/Amulya/converted_v2/normal/c2/PostEX_NP_IF_LMNA_Nup_LMNB1_16_C2_max_proj.tif,file:///C:/Users/amulya/documents/progeria-prediction/230724_normal_c2/PostEX_NP_IF_LMNA_Nup_LMNB1_16_C2_max_proj.png,2048
-1,6.0,6.0,0.0,0.0,0.203125,0.0,0.46875,0.21875,0.28125,0.078125,0.65625,PostEX_NP_IF_LMNA_Nup_LMNB1_17_C2_max_proj.tif,PostEX_NP_IF_LMNA_Nup_LMNB1_17_C2_max_proj.png,0,51,95,1,2048,51,b'eLtbPbCZG01BdEhB6AnHPN7ZKD43sSK+oCg/S68kMw1cgML8AQwekPswi1oQA17cQgIIyACHLZAGhrgdAEILkwY=',a0da014b2100e0cd09a93a05b154faf2,file:////imaging_storage/shared/users/Amulya/converted_v2/normal/c2/PostEX_NP_IF_LMNA_Nup_LMNB1_17_C2_max_proj.tif,0,0,0,0,0,0,0,0,0,0,0,\\imaging_storage\shared\users\Amulya\converted_v2\normal\c2,C:\\Users\\amulya\\documents\\progeria-prediction\\230724_normal_c2,65535,0,0.032805465161800385,0.032805465,-13.147946854839827,0.13560804915158542,file:////imaging_storage/shared/users/Amulya/converted_v2/normal/c2/PostEX_NP_IF_LMNA_Nup_LMNB1_17_C2_max_proj.tif,file:///C:/Users/amulya/documents/progeria-prediction/230724_normal_c2/PostEX_NP_IF_LMNA_Nup_LMNB1_17_C2_max_proj.png,2048
-1,3.0,3.0,0.0,0.0,0.1875,0.0,0.390625,0.1875,0.234375,0.046875,0.71875,PostEX_NP_IF_LMNA_Nup_LMNB1_18_C2_max_proj.tif,PostEX_NP_IF_LMNA_Nup_LMNB1_18_C2_max_proj.png,0,52,95,1,2048,52,b'eLtbPbCZG01BdEhB6AnHIt7ZKD43sSK+oCg/S68kMw1cgML8AQwekPswi1oQA17cQgIIyACHLZAGhrgdAEJkkwc=',2a9a210f52eddd1b211542e42cce3bb6,file:////imaging_storage/shared/users/Amulya/converted_v2/normal/c2/PostEX_NP_IF_LMNA_Nup_LMNB1_18_C2_max_proj.tif,0,0,0,0,0,0,0,0,0,0,0,\\imaging_storage\shared\users\Amulya\converted_v2\normal\c2,C:\\Users\\amulya\\documents\\progeria-prediction\\230724_normal_c2,65535,0,0.0319858118891716,0.031985812,-13.141219318960328,0.13562542899853725,file:////imaging_storage/shared/users/Amulya/converted_v2/normal/c2/PostEX_NP_IF_LMNA_Nup_LMNB1_18_C2_max_proj.tif,file:///C:/Users/amulya/documents/progeria-prediction/230724_normal_c2/PostEX_NP_IF_LMNA_Nup_LMNB1_18_C2_max_proj.png,2048
-1,6.0,6.0,0.0,0.0,0.265625,0.0,0.515625,0.203125,0.328125,0.046875,0.609375,PostEX_NP_IF_LMNA_Nup_LMNB1_19_C2_max_proj.tif,PostEX_NP_IF_LMNA_Nup_LMNB1_19_C2_max_proj.png,0,53,95,1,2048,53,b'eLtbPbCZG01BdEhB6AnHMt7ZKD43sSK+oCg/S68kMw1cgML8AQwekPswi1oQA17cQgIIyACHLZAGhrgdAEK9kwg=',6857cba1ffd1064b33a1169eac7256ec,file:////imaging_storage/shared/users/Amulya/converted_v2/normal/c2/PostEX_NP_IF_LMNA_Nup_LMNB1_19_C2_max_proj.tif,0,0,0,0,0,0,0,0,0,0,0,\\imaging_storage\shared\users\Amulya\converted_v2\normal\c2,C:\\Users\\amulya\\documents\\progeria-prediction\\230724_normal_c2,65535,0,0.0007374325068667531,0.0007374325,-13.657290821555538,0.0577303001167877,file:////imaging_storage/shared/users/Amulya/converted_v2/normal/c2/PostEX_NP_IF_LMNA_Nup_LMNB1_19_C2_max_proj.tif,file:///C:/Users/amulya/documents/progeria-prediction/230724_normal_c2/PostEX_NP_IF_LMNA_Nup_LMNB1_19_C2_max_proj.png,2048
-1,2.0,2.0,0.0,0.0,0.171875,0.0,0.421875,0.1875,0.25,0.03125,0.609375,PostEX_NP_IF_LMNA_Nup_LMNB1_1_C2_max_proj.tif,PostEX_NP_IF_LMNA_Nup_LMNB1_1_C2_max_proj.png,0,54,95,1,2048,54,b'eLtbPbCZG01BdEhBGAnH2Sg+N7EivqAoP0uvJDMNXH7CvAEMHZDzMEtaEANe2kLCB8gABy2QBga4HQC24ZLP',df7c747e025354ac4d247e26e26d17ae,file:////imaging_storage/shared/users/Amulya/converted_v2/normal/c2/PostEX_NP_IF_LMNA_Nup_LMNB1_1_C2_max_proj.tif,0,0,0,0,0,0,0,0,0,0,0,\\imaging_storage\shared\users\Amulya\converted_v2\normal\c2,C:\\Users\\amulya\\documents\\progeria-prediction\\230724_normal_c2,65535,0,0.03839327394962311,0.038393274,-12.934364158575548,0.15828001056837593,file:////imaging_storage/shared/users/Amulya/converted_v2/normal/c2/PostEX_NP_IF_LMNA_Nup_LMNB1_1_C2_max_proj.tif,file:///C:/Users/amulya/documents/progeria-prediction/230724_normal_c2/PostEX_NP_IF_LMNA_Nup_LMNB1_1_C2_max_proj.png,2048
-1,1.0,1.0,0.0,0.0,0.1875,0.0,0.421875,0.203125,0.265625,0.0625,0.625,PostEX_NP_IF_LMNA_Nup_LMNB1_1_deconvolved_C2_max_proj.tif,PostEX_NP_IF_LMNA_Nup_LMNB1_1_deconvolved_C2_max_proj.png,0,55,95,1,2048,55,b'eLtbPbCZG01BdEhBGAknJRWkLR+YelLinY3icxMr4guK8rP0SjLTwGUpzEvAkAI5FbPUBTHgJS8krIAMcDADaWDg2wEALD+Xxw==',cd3da16a4690eff1a2facdac2fcee61c,file:////imaging_storage/shared/users/Amulya/converted_v2/normal/c2/PostEX_NP_IF_LMNA_Nup_LMNB1_1_deconvolved_C2_max_proj.tif,0,0,0,0,0,0,0,0,0,0,0,\\imaging_storage\shared\users\Amulya\converted_v2\normal\c2,C:\\Users\\amulya\\documents\\progeria-prediction\\230724_normal_c2,65535,0,0.030907757580280304,0.030907758,-13.137742716400686,0.21478262752282262,file:////imaging_storage/shared/users/Amulya/converted_v2/normal/c2/PostEX_NP_IF_LMNA_Nup_LMNB1_1_deconvolved_C2_max_proj.tif,file:///C:/Users/amulya/documents/progeria-prediction/230724_normal_c2/PostEX_NP_IF_LMNA_Nup_LMNB1_1_deconvolved_C2_max_proj.png,2048
-1,3.0,3.0,0.0,0.0,0.171875,0.0,0.421875,0.171875,0.265625,0.0625,0.671875,PostEX_NP_IF_LMNA_Nup_LMNB1_20_C2_max_proj.tif,PostEX_NP_IF_LMNA_Nup_LMNB1_20_C2_max_proj.png,0,56,95,1,2048,56,b'eLtbPbCZG01BdEhBaAnHyCDe2Sg+N7EivqAoP0uvJDMNXIDC/AEMHpD7MItaEANe3EICCMgAhy2QBoa4HQA/9pMA',9e7ba9b45bb935d8a7f5e1e1eb07a029,file:////imaging_storage/shared/users/Amulya/converted_v2/normal/c2/PostEX_NP_IF_LMNA_Nup_LMNB1_20_C2_max_proj.tif,0,0,0,0,0,0,0,0,0,0,0,\\imaging_storage\shared\users\Amulya\converted_v2\normal\c2,C:\\Users\\amulya\\documents\\progeria-prediction\\230724_normal_c2,65535,0,0.018837405368685722,0.018837405,-12.286259081852597,0.14903751200898796,file:////imaging_storage/shared/users/Amulya/converted_v2/normal/c2/PostEX_NP_IF_LMNA_Nup_LMNB1_20_C2_max_proj.tif,file:///C:/Users/amulya/documents/progeria-prediction/230724_normal_c2/PostEX_NP_IF_LMNA_Nup_LMNB1_20_C2_max_proj.png,2048
-1,6.0,6.0,0.0,0.0,0.1875,0.0,0.421875,0.203125,0.3125,0.078125,0.671875,PostEX_NP_IF_LMNA_Nup_LMNB1_21_C2_max_proj.tif,PostEX_NP_IF_LMNA_Nup_LMNB1_21_C2_max_proj.png,0,57,95,1,2048,57,b'eLtbPbCZG01BdEhBaAnHyDDe2Sg+N7EivqAoP0uvJDMNXIDC/AEMHpD7MItaEANe3EICCMgAhy2QBoa4HQBAT5MB',13ff9ee4d99687527c7fc43283505818,file:////imaging_storage/shared/users/Amulya/converted_v2/normal/c2/PostEX_NP_IF_LMNA_Nup_LMNB1_21_C2_max_proj.tif,0,0,0,0,0,0,0,0,0,0,0,\\imaging_storage\shared\users\Amulya\converted_v2\normal\c2,C:\\Users\\amulya\\documents\\progeria-prediction\\230724_normal_c2,65535,0,0.011917457915842533,0.011917458,-12.630396868805093,0.17762795521070984,file:////imaging_storage/shared/users/Amulya/converted_v2/normal/c2/PostEX_NP_IF_LMNA_Nup_LMNB1_21_C2_max_proj.tif,file:///C:/Users/amulya/documents/progeria-prediction/230724_normal_c2/PostEX_NP_IF_LMNA_Nup_LMNB1_21_C2_max_proj.png,2048
-1,4.0,4.0,0.0,0.0,0.203125,0.0,0.46875,0.203125,0.296875,0.046875,0.65625,PostEX_NP_IF_LMNA_Nup_LMNB1_22_C2_max_proj.tif,PostEX_NP_IF_LMNA_Nup_LMNB1_22_C2_max_proj.png,0,58,95,1,2048,58,b'eLtbPbCZG01BdEhBaAnHyCje2Sg+N7EivqAoP0uvJDMNXIDC/AEMHpD7MItaEANe3EICCMgAhy2QBoa4HQBAqJMC',a3e870bfe58aeeb7889139e474330e3f,file:////imaging_storage/shared/users/Amulya/converted_v2/normal/c2/PostEX_NP_IF_LMNA_Nup_LMNB1_22_C2_max_proj.tif,0,0,0,0,0,0,0,0,0,0,0,\\imaging_storage\shared\users\Amulya\converted_v2\normal\c2,C:\\Users\\amulya\\documents\\progeria-prediction\\230724_normal_c2,65535,0,0.02254616841673851,0.022546168,-12.91717040607711,0.03050653699337147,file:////imaging_storage/shared/users/Amulya/converted_v2/normal/c2/PostEX_NP_IF_LMNA_Nup_LMNB1_22_C2_max_proj.tif,file:///C:/Users/amulya/documents/progeria-prediction/230724_normal_c2/PostEX_NP_IF_LMNA_Nup_LMNB1_22_C2_max_proj.png,2048
-1,2.0,2.0,0.0,0.0,0.15625,0.0,0.4375,0.203125,0.265625,0.046875,0.671875,PostEX_NP_IF_LMNA_Nup_LMNB1_2_C2_max_proj.tif,PostEX_NP_IF_LMNA_Nup_LMNB1_2_C2_max_proj.png,0,59,95,1,2048,59,b'eLtbPbCZG01BdEhBaAnHKN7ZKD43sSK+oCg/S68kMw1cfsK8AQwdkPMwS1oQA17aQsIHyAAHLZAGBrgdALc6ktA=',37ef23c775fe2d6ea679d9d470b08f5f,file:////imaging_storage/shared/users/Amulya/converted_v2/normal/c2/PostEX_NP_IF_LMNA_Nup_LMNB1_2_C2_max_proj.tif,0,0,0,0,0,0,0,0,0,0,0,\\imaging_storage\shared\users\Amulya\converted_v2\normal\c2,C:\\Users\\amulya\\documents\\progeria-prediction\\230724_normal_c2,65535,0,0.043517619371414185,0.04351762,-12.766227321610513,0.1569820473949335,file:////imaging_storage/shared/users/Amulya/converted_v2/normal/c2/PostEX_NP_IF_LMNA_Nup_LMNB1_2_C2_max_proj.tif,file:///C:/Users/amulya/documents/progeria-prediction/230724_normal_c2/PostEX_NP_IF_LMNA_Nup_LMNB1_2_C2_max_proj.png,2048
-1,4.0,4.0,0.0,0.0,0.171875,0.0,0.421875,0.1875,0.265625,0.046875,0.625,PostEX_NP_IF_LMNA_Nup_LMNB1_3_C2_max_proj.tif,PostEX_NP_IF_LMNA_Nup_LMNB1_3_C2_max_proj.png,0,60,95,1,2048,60,b'eLtbPbCZG01BdEhBaAnHON7ZKD43sSK+oCg/S68kMw1cfsK8AQwdkPMwS1oQA17aQsIHyAAHLZAGBrgdALeTktE=',9ea7a0deb3f94803ccd8cdc37449d74f,file:////imaging_storage/shared/users/Amulya/converted_v2/normal/c2/PostEX_NP_IF_LMNA_Nup_LMNB1_3_C2_max_proj.tif,0,0,0,0,0,0,0,0,0,0,0,\\imaging_storage\shared\users\Amulya\converted_v2\normal\c2,C:\\Users\\amulya\\documents\\progeria-prediction\\230724_normal_c2,65535,0,0.04487251490354538,0.044872515,-12.642912329044774,0.2176851634394552,file:////imaging_storage/shared/users/Amulya/converted_v2/normal/c2/PostEX_NP_IF_LMNA_Nup_LMNB1_3_C2_max_proj.tif,file:///C:/Users/amulya/documents/progeria-prediction/230724_normal_c2/PostEX_NP_IF_LMNA_Nup_LMNB1_3_C2_max_proj.png,2048
-1,1.0,1.0,0.0,0.0,0.234375,0.0,0.421875,0.203125,0.265625,0.046875,0.609375,PostEX_NP_IF_LMNA_Nup_LMNB1_3_deconvolved_C2_max_proj.tif,PostEX_NP_IF_LMNA_Nup_LMNB1_3_deconvolved_C2_max_proj.png,0,61,95,1,2048,61,b'eLtbPbCZG01BdEhBaAnHOD4lFaQtH5h6UuKdjeJzEyviC4rys/RKMtPAZSnMS8CQAjkVs9QFMeAlLySsgAxwMANpYODbAQAtCZfJ',67b0d53ccc7a75b7eb5d0319361eae51,file:////imaging_storage/shared/users/Amulya/converted_v2/normal/c2/PostEX_NP_IF_LMNA_Nup_LMNB1_3_deconvolved_C2_max_proj.tif,0,0,0,0,0,0,0,0,0,0,0,\\imaging_storage\shared\users\Amulya\converted_v2\normal\c2,C:\\Users\\amulya\\documents\\progeria-prediction\\230724_normal_c2,65535,0,0.035886235535144806,0.035886236,-12.8928097221217,0.3568527928845242,file:////imaging_storage/shared/users/Amulya/converted_v2/normal/c2/PostEX_NP_IF_LMNA_Nup_LMNB1_3_deconvolved_C2_max_proj.tif,file:///C:/Users/amulya/documents/progeria-prediction/230724_normal_c2/PostEX_NP_IF_LMNA_Nup_LMNB1_3_deconvolved_C2_max_proj.png,2048
-1,1.0,1.0,0.0,0.0,0.15625,0.0,0.5,0.203125,0.265625,0.046875,0.625,PostEX_NP_IF_LMNA_Nup_LMNB1_4_C2_max_proj.tif,PostEX_NP_IF_LMNA_Nup_LMNB1_4_C2_max_proj.png,0,62,95,1,2048,62,b'eLtbPbCZG01BdEhBaAnHJN7ZKD43sSK+oCg/S68kMw1cfsK8AQwdkPMwS1oQA17aQsIHyAAHLZAGBrgdALfsktI=',f6c5265ee1ffcc1b1a178783c6d97fbe,file:////imaging_storage/shared/users/Amulya/converted_v2/normal/c2/PostEX_NP_IF_LMNA_Nup_LMNB1_4_C2_max_proj.tif,0,0,0,0,0,0,0,0,0,0,0,\\imaging_storage\shared\users\Amulya\converted_v2\normal\c2,C:\\Users\\amulya\\documents\\progeria-prediction\\230724_normal_c2,65535,0,0.02024790272116661,0.020247903,-12.964957029424426,0.13899922345629534,file:////imaging_storage/shared/users/Amulya/converted_v2/normal/c2/PostEX_NP_IF_LMNA_Nup_LMNB1_4_C2_max_proj.tif,file:///C:/Users/amulya/documents/progeria-prediction/230724_normal_c2/PostEX_NP_IF_LMNA_Nup_LMNB1_4_C2_max_proj.png,2048
-1,2.0,2.0,0.0,0.0,0.15625,0.0,0.46875,0.21875,0.28125,0.0625,0.640625,PostEX_NP_IF_LMNA_Nup_LMNB1_5_C2_max_proj.tif,PostEX_NP_IF_LMNA_Nup_LMNB1_5_C2_max_proj.png,0,63,95,1,2048,63,b'eLtbPbCZG01BdEhBaAnHNN7ZKD43sSK+oCg/S68kMw1cfsK8AQwdkPMwS1oQA17aQsIHyAAHLZAGBrgdALhFktM=',c8c116c65e252f41a7c62fd899399065,file:////imaging_storage/shared/users/Amulya/converted_v2/normal/c2/PostEX_NP_IF_LMNA_Nup_LMNB1_5_C2_max_proj.tif,0,0,0,0,0,0,0,0,0,0,0,\\imaging_storage\shared\users\Amulya\converted_v2\normal\c2,C:\\Users\\amulya\\documents\\progeria-prediction\\230724_normal_c2,65535,0,0.016718581318855286,0.016718581,-12.861068898722353,0.10011217393582683,file:////imaging_storage/shared/users/Amulya/converted_v2/normal/c2/PostEX_NP_IF_LMNA_Nup_LMNB1_5_C2_max_proj.tif,file:///C:/Users/amulya/documents/progeria-prediction/230724_normal_c2/PostEX_NP_IF_LMNA_Nup_LMNB1_5_C2_max_proj.png,2048
-1,2.0,2.0,0.0,0.0,0.203125,0.0,0.421875,0.21875,0.296875,0.046875,0.625,PostEX_NP_IF_LMNA_Nup_LMNB1_5_deconvolved_C2_max_proj.tif,PostEX_NP_IF_LMNA_Nup_LMNB1_5_deconvolved_C2_max_proj.png,0,64,95,1,2048,64,b'eLtbPbCZG01BdEhBaAnHND4lFaQtH5h6UuKdjeJzEyviC4rys/RKMtPAZSnMS8CQAjkVs9QFMeAlLySsgAxwMANpYODbAQAt05fL',4fdded3aa9501cb7ea77dd204d79bc47,file:////imaging_storage/shared/users/Amulya/converted_v2/normal/c2/PostEX_NP_IF_LMNA_Nup_LMNB1_5_deconvolved_C2_max_proj.tif,0,0,0,0,0,0,0,0,0,0,0,\\imaging_storage\shared\users\Amulya\converted_v2\normal\c2,C:\\Users\\amulya\\documents\\progeria-prediction\\230724_normal_c2,65535,0,0.01807159185409546,0.018071592,-13.05771232150216,0.15441998158323145,file:////imaging_storage/shared/users/Amulya/converted_v2/normal/c2/PostEX_NP_IF_LMNA_Nup_LMNB1_5_deconvolved_C2_max_proj.tif,file:///C:/Users/amulya/documents/progeria-prediction/230724_normal_c2/PostEX_NP_IF_LMNA_Nup_LMNB1_5_deconvolved_C2_max_proj.png,2048
-1,5.0,5.0,0.0,0.0,0.1875,0.0,0.40625,0.203125,0.296875,0.0625,0.59375,PostEX_NP_IF_LMNA_Nup_LMNB1_6_C2_max_proj.tif,PostEX_NP_IF_LMNA_Nup_LMNB1_6_C2_max_proj.png,0,65,95,1,2048,65,b'eLtbPbCZG01BdEhBaAnHLN7ZKD43sSK+oCg/S68kMw1cfsK8AQwdkPMwS1oQA17aQsIHyAAHLZAGBrgdALiektQ=',2c3cd37a75900a66d13d6c6b3930e065,file:////imaging_storage/shared/users/Amulya/converted_v2/normal/c2/PostEX_NP_IF_LMNA_Nup_LMNB1_6_C2_max_proj.tif,0,0,0,0,0,0,0,0,0,0,0,\\imaging_storage\shared\users\Amulya\converted_v2\normal\c2,C:\\Users\\amulya\\documents\\progeria-prediction\\230724_normal_c2,65535,0,0.03389182314276695,0.033891823,-13.126814914923038,0.1391216478562285,file:////imaging_storage/shared/users/Amulya/converted_v2/normal/c2/PostEX_NP_IF_LMNA_Nup_LMNB1_6_C2_max_proj.tif,file:///C:/Users/amulya/documents/progeria-prediction/230724_normal_c2/PostEX_NP_IF_LMNA_Nup_LMNB1_6_C2_max_proj.png,2048
-1,2.0,2.0,0.0,0.0,0.171875,0.0,0.421875,0.203125,0.28125,0.046875,0.671875,PostEX_NP_IF_LMNA_Nup_LMNB1_7_C2_max_proj.tif,PostEX_NP_IF_LMNA_Nup_LMNB1_7_C2_max_proj.png,0,66,95,1,2048,66,b'eLtbPbCZG01BdEhBaAnHPN7ZKD43sSK+oCg/S68kMw1cfsK8AQwdkPMwS1oQA17aQsIHyAAHLZAGBrgdALj3ktU=',ef005c36bcbde5830ccae105407b67e6,file:////imaging_storage/shared/users/Amulya/converted_v2/normal/c2/PostEX_NP_IF_LMNA_Nup_LMNB1_7_C2_max_proj.tif,0,0,0,0,0,0,0,0,0,0,0,\\imaging_storage\shared\users\Amulya\converted_v2\normal\c2,C:\\Users\\amulya\\documents\\progeria-prediction\\230724_normal_c2,65535,0,0.06379085034132004,0.06379085,-12.57164683869081,0.16404521812273742,file:////imaging_storage/shared/users/Amulya/converted_v2/normal/c2/PostEX_NP_IF_LMNA_Nup_LMNB1_7_C2_max_proj.tif,file:///C:/Users/amulya/documents/progeria-prediction/230724_normal_c2/PostEX_NP_IF_LMNA_Nup_LMNB1_7_C2_max_proj.png,2048
-1,2.0,2.0,0.0,0.0,0.140625,0.0,0.46875,0.203125,0.265625,0.046875,0.640625,PostEX_NP_IF_LMNA_Nup_LMNB1_8_C2_max_proj.tif,PostEX_NP_IF_LMNA_Nup_LMNB1_8_C2_max_proj.png,0,67,95,1,2048,67,b'eLtbPbCZG01BdEhBaAnHIt7ZKD43sSK+oCg/S68kMw1cfsK8AQwdkPMwS1oQA17aQsIHyAAHLZAGBrgdALlQktY=',022560bfb164220247e1a585e3f12739,file:////imaging_storage/shared/users/Amulya/converted_v2/normal/c2/PostEX_NP_IF_LMNA_Nup_LMNB1_8_C2_max_proj.tif,0,0,0,0,0,0,0,0,0,0,0,\\imaging_storage\shared\users\Amulya\converted_v2\normal\c2,C:\\Users\\amulya\\documents\\progeria-prediction\\230724_normal_c2,65535,0,0.003329268656671047,0.0033292687,-13.354788877353332,0.05367009187214222,file:////imaging_storage/shared/users/Amulya/converted_v2/normal/c2/PostEX_NP_IF_LMNA_Nup_LMNB1_8_C2_max_proj.tif,file:///C:/Users/amulya/documents/progeria-prediction/230724_normal_c2/PostEX_NP_IF_LMNA_Nup_LMNB1_8_C2_max_proj.png,2048
-1,4.0,4.0,0.0,0.0,0.140625,0.0,0.46875,0.203125,0.296875,0.046875,0.71875,PostEX_NP_IF_LMNA_Nup_LMNB1_9_C2_max_proj.tif,PostEX_NP_IF_LMNA_Nup_LMNB1_9_C2_max_proj.png,0,68,95,1,2048,68,b'eLtbPbCZG01BdEhBaAnHMt7ZKD43sSK+oCg/S68kMw1cfsK8AQwdkPMwS1oQA17aQsIHyAAHLZAGBrgdALmpktc=',eb07a54b9be38cd4bcb04da5e34ac3f5,file:////imaging_storage/shared/users/Amulya/converted_v2/normal/c2/PostEX_NP_IF_LMNA_Nup_LMNB1_9_C2_max_proj.tif,0,0,0,0,0,0,0,0,0,0,0,\\imaging_storage\shared\users\Amulya\converted_v2\normal\c2,C:\\Users\\amulya\\documents\\progeria-prediction\\230724_normal_c2,65535,0,0.028289129957556725,0.02828913,-12.718231105409341,0.05900343396599794,file:////imaging_storage/shared/users/Amulya/converted_v2/normal/c2/PostEX_NP_IF_LMNA_Nup_LMNB1_9_C2_max_proj.tif,file:///C:/Users/amulya/documents/progeria-prediction/230724_normal_c2/PostEX_NP_IF_LMNA_Nup_LMNB1_9_C2_max_proj.png,2048
-1,1.0,1.0,0.0,0.0,0.15625,0.0,0.5,0.203125,0.265625,0.046875,0.65625,PostEX_NP_IF_LMNA_Nup_LMNB1_C2_max_proj.tif,PostEX_NP_IF_LMNA_Nup_LMNB1_C2_max_proj.png,0,69,95,1,2048,69,b'eLtbPbCZG01BdEhBaAnH2Sg+N7EivqAoP0uvJDMNXHrCPAEMG5DjMMtZEANe1kJCB8gAByyQBga3HQCVi5I/',51c0de0cf95e1e9efd2d8cc9fcb5b583,file:////imaging_storage/shared/users/Amulya/converted_v2/normal/c2/PostEX_NP_IF_LMNA_Nup_LMNB1_C2_max_proj.tif,0,0,0,0,0,0,0,0,0,0,0,\\imaging_storage\shared\users\Amulya\converted_v2\normal\c2,C:\\Users\\amulya\\documents\\progeria-prediction\\230724_normal_c2,65535,0,0.017518192529678345,0.017518193,-13.008547096033976,0.14523076462793938,file:////imaging_storage/shared/users/Amulya/converted_v2/normal/c2/PostEX_NP_IF_LMNA_Nup_LMNB1_C2_max_proj.tif,file:///C:/Users/amulya/documents/progeria-prediction/230724_normal_c2/PostEX_NP_IF_LMNA_Nup_LMNB1_C2_max_proj.png,2048
-1,7.0,7.0,0.0,0.0,0.171875,0.0,0.4375,0.203125,0.265625,0.078125,0.640625,PostEX_NP_IF_Progerin_LMNA_Nup_LMNB1_0.1_1_C2_max_proj.tif,PostEX_NP_IF_Progerin_LMNA_Nup_LMNB1_0.1_1_C2_max_proj.png,0,70,95,1,2048,70,b'eLtbPbCZG01BA5iCDPRAqcjZKD43sSK+oCg/S68kMw1cmML8BAwqkFsxi10QA170QgILyACHM5AGhr4dAJG1l2I=',95beb7052de1f993a6ff622a0687f49f,file:////imaging_storage/shared/users/Amulya/converted_v2/normal/c2/PostEX_NP_IF_Progerin_LMNA_Nup_LMNB1_0.1_1_C2_max_proj.tif,0,0,0,0,0,0,0,0,0,0,0,\\imaging_storage\shared\users\Amulya\converted_v2\normal\c2,C:\\Users\\amulya\\documents\\progeria-prediction\\230724_normal_c2,65535,0,0.012050949968397617,0.01205095,-13.015448309202688,0.05250631996453592,file:////imaging_storage/shared/users/Amulya/converted_v2/normal/c2/PostEX_NP_IF_Progerin_LMNA_Nup_LMNB1_0.1_1_C2_max_proj.tif,file:///C:/Users/amulya/documents/progeria-prediction/230724_normal_c2/PostEX_NP_IF_Progerin_LMNA_Nup_LMNB1_0.1_1_C2_max_proj.png,2048
-1,5.0,5.0,0.0,0.0,0.171875,0.0,0.46875,0.1875,0.328125,0.078125,0.734375,PostEX_NP_IF_Progerin_LMNA_Nup_LMNB1_0.1_C2_max_proj.tif,PostEX_NP_IF_Progerin_LMNA_Nup_LMNB1_0.1_C2_max_proj.png,0,71,95,1,2048,71,b'eLtbPbCZG01BA5iCDPQM452N4nMTK+ILivKz9Eoy08BFKcxHwIACuRSz0AUx4AUvJKiADHAoA2lg2NsBAGc5ltI=',02fef6227504780b05a3c69c2181f045,file:////imaging_storage/shared/users/Amulya/converted_v2/normal/c2/PostEX_NP_IF_Progerin_LMNA_Nup_LMNB1_0.1_C2_max_proj.tif,0,0,0,0,0,0,0,0,0,0,0,\\imaging_storage\shared\users\Amulya\converted_v2\normal\c2,C:\\Users\\amulya\\documents\\progeria-prediction\\230724_normal_c2,65535,0,0.034857142716646194,0.034857143,-12.626131550398403,0.06053974787113248,file:////imaging_storage/shared/users/Amulya/converted_v2/normal/c2/PostEX_NP_IF_Progerin_LMNA_Nup_LMNB1_0.1_C2_max_proj.tif,file:///C:/Users/amulya/documents/progeria-prediction/230724_normal_c2/PostEX_NP_IF_Progerin_LMNA_Nup_LMNB1_0.1_C2_max_proj.png,2048
-1,3.0,3.0,0.0,0.0,0.15625,0.0,0.453125,0.203125,0.28125,0.078125,0.625,PostEX_NP_IF_Progerin_LMNA_Nup_LMNB1_0.2_1_C2_max_proj.tif,PostEX_NP_IF_Progerin_LMNA_Nup_LMNB1_0.2_1_C2_max_proj.png,0,72,95,1,2048,72,b'eLtbPbCZG01BA5iCDPSMgKnI2Sg+N7EivqAoP0uvJDMNXJjC/AQMKpBbMYtdEANe9EICC8gAhzOQBoa+HQCSEJdj',f290b95f17491c108417d8bbd093718b,file:////imaging_storage/shared/users/Amulya/converted_v2/normal/c2/PostEX_NP_IF_Progerin_LMNA_Nup_LMNB1_0.2_1_C2_max_proj.tif,0,0,0,0,0,0,0,0,0,0,0,\\imaging_storage\shared\users\Amulya\converted_v2\normal\c2,C:\\Users\\amulya\\documents\\progeria-prediction\\230724_normal_c2,65535,0,0.007974974811077118,0.007974975,-13.195579326191659,0.07782990883271168,file:////imaging_storage/shared/users/Amulya/converted_v2/normal/c2/PostEX_NP_IF_Progerin_LMNA_Nup_LMNB1_0.2_1_C2_max_proj.tif,file:///C:/Users/amulya/documents/progeria-prediction/230724_normal_c2/PostEX_NP_IF_Progerin_LMNA_Nup_LMNB1_0.2_1_C2_max_proj.png,2048
-1,1.0,1.0,0.0,0.0,0.171875,0.0,0.390625,0.1875,0.265625,0.03125,0.59375,PostEX_NP_IF_Progerin_LMNA_Nup_LMNB1_0.2_1_deconvolved_C2_max_proj.tif,PostEX_NP_IF_Progerin_LMNA_Nup_LMNB1_0.2_1_deconvolved_C2_max_proj.png,0,73,95,1,2048,73,b'eLtbPbCZG01BA5iCDPSMgKkoJRVkRj4wKaXEOxvF5yZWxBcU5WfplWSmgQtWmP+AwQZyN2YRDGLAi2FIwAEZ4DAH0sCYsAMAPl6cWw==',10ac365d3399c0a8af4f66f20d601724,file:////imaging_storage/shared/users/Amulya/converted_v2/normal/c2/PostEX_NP_IF_Progerin_LMNA_Nup_LMNB1_0.2_1_deconvolved_C2_max_proj.tif,0,0,0,0,0,0,0,0,0,0,0,\\imaging_storage\shared\users\Amulya\converted_v2\normal\c2,C:\\Users\\amulya\\documents\\progeria-prediction\\230724_normal_c2,65535,0,0.005187029018998146,0.005187029,-13.329974432699299,0.15009259064754588,file:////imaging_storage/shared/users/Amulya/converted_v2/normal/c2/PostEX_NP_IF_Progerin_LMNA_Nup_LMNB1_0.2_1_deconvolved_C2_max_proj.tif,file:///C:/Users/amulya/documents/progeria-prediction/230724_normal_c2/PostEX_NP_IF_Progerin_LMNA_Nup_LMNB1_0.2_1_deconvolved_C2_max_proj.png,2048
-1,2.0,2.0,0.0,0.0,0.1875,0.0,0.453125,0.25,0.28125,0.03125,0.65625,PostEX_NP_IF_Progerin_LMNA_Nup_LMNB1_0.2_2_C2_max_proj.tif,PostEX_NP_IF_Progerin_LMNA_Nup_LMNB1_0.2_2_C2_max_proj.png,0,74,95,1,2048,74,b'eLtbPbCZG01BA5iCDPSM4o3inY3icxMr4guK8rP0SjLTwIUpzE/AoAK5FbPYBTHgRS8ksIAMcDgDaWDo2wEAkmmXZA==',7e2de192cbc9e3bf59bf691ce1bdbfc3,file:////imaging_storage/shared/users/Amulya/converted_v2/normal/c2/PostEX_NP_IF_Progerin_LMNA_Nup_LMNB1_0.2_2_C2_max_proj.tif,0,0,0,0,0,0,0,0,0,0,0,\\imaging_storage\shared\users\Amulya\converted_v2\normal\c2,C:\\Users\\amulya\\documents\\progeria-prediction\\230724_normal_c2,65535,0,0.007159165572375059,0.0071591656,-13.155124521788634,0.09952015748075382,file:////imaging_storage/shared/users/Amulya/converted_v2/normal/c2/PostEX_NP_IF_Progerin_LMNA_Nup_LMNB1_0.2_2_C2_max_proj.tif,file:///C:/Users/amulya/documents/progeria-prediction/230724_normal_c2/PostEX_NP_IF_Progerin_LMNA_Nup_LMNB1_0.2_2_C2_max_proj.png,2048
-1,2.0,2.0,0.0,0.0,0.140625,0.0,0.453125,0.203125,0.265625,0.046875,0.671875,PostEX_NP_IF_Progerin_LMNA_Nup_LMNB1_0.2_2_deconvolved_C2_max_proj.tif,PostEX_NP_IF_Progerin_LMNA_Nup_LMNB1_0.2_2_deconvolved_C2_max_proj.png,0,75,95,1,2048,75,b'eLtbPbCZG01BA5iCDPSM4o3iU1JBZuQDk1JKvLNRfG5iRXxBUX6WXklmGrhghfkPGGwgd2MWwSAGvBiGBByQAQ5zIA2MCTsAPsOcXA==',e1f8c06fd2250945416950c43e5e7723,file:////imaging_storage/shared/users/Amulya/converted_v2/normal/c2/PostEX_NP_IF_Progerin_LMNA_Nup_LMNB1_0.2_2_deconvolved_C2_max_proj.tif,0,0,0,0,0,0,0,0,0,0,0,\\imaging_storage\shared\users\Amulya\converted_v2\normal\c2,C:\\Users\\amulya\\documents\\progeria-prediction\\230724_normal_c2,65535,0,0.005643834359943867,0.0056438344,-13.292876786535688,0.14973763207041202,file:////imaging_storage/shared/users/Amulya/converted_v2/normal/c2/PostEX_NP_IF_Progerin_LMNA_Nup_LMNB1_0.2_2_deconvolved_C2_max_proj.tif,file:///C:/Users/amulya/documents/progeria-prediction/230724_normal_c2/PostEX_NP_IF_Progerin_LMNA_Nup_LMNB1_0.2_2_deconvolved_C2_max_proj.png,2048
-1,3.0,3.0,0.0,0.0,0.1875,0.0,0.40625,0.1875,0.28125,0.0625,0.625,PostEX_NP_IF_Progerin_LMNA_Nup_LMNB1_0.2_3_C2_max_proj.tif,PostEX_NP_IF_Progerin_LMNA_Nup_LMNB1_0.2_3_C2_max_proj.png,0,76,95,1,2048,76,b'eLtbPbCZG01BA5iCDPSM4o3jnY3icxMr4guK8rP0SjLTwIUpzE/AoAK5FbPYBTHgRS8ksIAMcDgDaWDo2wEAksKXZQ==',b71cb89c28d25e9f4f78ab2856e79123,file:////imaging_storage/shared/users/Amulya/converted_v2/normal/c2/PostEX_NP_IF_Progerin_LMNA_Nup_LMNB1_0.2_3_C2_max_proj.tif,0,0,0,0,0,0,0,0,0,0,0,\\imaging_storage\shared\users\Amulya\converted_v2\normal\c2,C:\\Users\\amulya\\documents\\progeria-prediction\\230724_normal_c2,65535,0,0.007408116944134235,0.007408117,-13.15985339606373,0.06141648891164664,file:////imaging_storage/shared/users/Amulya/converted_v2/normal/c2/PostEX_NP_IF_Progerin_LMNA_Nup_LMNB1_0.2_3_C2_max_proj.tif,file:///C:/Users/amulya/documents/progeria-prediction/230724_normal_c2/PostEX_NP_IF_Progerin_LMNA_Nup_LMNB1_0.2_3_C2_max_proj.png,2048
-1,1.0,1.0,0.0,0.0,0.171875,0.0,0.40625,0.1875,0.265625,0.046875,0.625,PostEX_NP_IF_Progerin_LMNA_Nup_LMNB1_0.2_3_deconvolved_C2_max_proj.tif,PostEX_NP_IF_Progerin_LMNA_Nup_LMNB1_0.2_3_deconvolved_C2_max_proj.png,0,77,95,1,2048,77,b'eLtbPbCZG01BA5iCDPSM4o3jU1JBZuQDk1JKvLNRfG5iRXxBUX6WXklmGrhghfkPGGwgd2MWwSAGvBiGBByQAQ5zIA2MCTsAPyicXQ==',f1825c315ab5e87fb1cd5fe92d8550cd,file:////imaging_storage/shared/users/Amulya/converted_v2/normal/c2/PostEX_NP_IF_Progerin_LMNA_Nup_LMNB1_0.2_3_deconvolved_C2_max_proj.tif,0,0,0,0,0,0,0,0,0,0,0,\\imaging_storage\shared\users\Amulya\converted_v2\normal\c2,C:\\Users\\amulya\\documents\\progeria-prediction\\230724_normal_c2,65535,0,0.013368365354835987,0.013368365,-12.83275768131205,0.0779653590954652,file:////imaging_storage/shared/users/Amulya/converted_v2/normal/c2/PostEX_NP_IF_Progerin_LMNA_Nup_LMNB1_0.2_3_deconvolved_C2_max_proj.tif,file:///C:/Users/amulya/documents/progeria-prediction/230724_normal_c2/PostEX_NP_IF_Progerin_LMNA_Nup_LMNB1_0.2_3_deconvolved_C2_max_proj.png,2048
-1,4.0,4.0,0.0,0.0,0.15625,0.0,0.484375,0.21875,0.265625,0.0625,0.65625,PostEX_NP_IF_Progerin_LMNA_Nup_LMNB1_0.2_4_C2_max_proj.tif,PostEX_NP_IF_Progerin_LMNA_Nup_LMNB1_0.2_4_C2_max_proj.png,0,78,95,1,2048,78,b'eLtbPbCZG01BA5iCDPSM4k3inY3icxMr4guK8rP0SjLTwIUpzE/AoAK5FbPYBTHgRS8ksIAMcDgDaWDo2wEAkxuXZg==',26ffc57ac578f4a4441a99f836e1596e,file:////imaging_storage/shared/users/Amulya/converted_v2/normal/c2/PostEX_NP_IF_Progerin_LMNA_Nup_LMNB1_0.2_4_C2_max_proj.tif,0,0,0,0,0,0,0,0,0,0,0,\\imaging_storage\shared\users\Amulya\converted_v2\normal\c2,C:\\Users\\amulya\\documents\\progeria-prediction\\230724_normal_c2,65535,0,0.007067165337502956,0.0070671653,-13.146587684154674,0.072237255757571,file:////imaging_storage/shared/users/Amulya/converted_v2/normal/c2/PostEX_NP_IF_Progerin_LMNA_Nup_LMNB1_0.2_4_C2_max_proj.tif,file:///C:/Users/amulya/documents/progeria-prediction/230724_normal_c2/PostEX_NP_IF_Progerin_LMNA_Nup_LMNB1_0.2_4_C2_max_proj.png,2048
-1,5.0,5.0,0.0,0.0,0.140625,0.0,0.421875,0.1875,0.3125,0.0625,0.671875,PostEX_NP_IF_Progerin_LMNA_Nup_LMNB1_0.2_4_deconvolved_C2_max_proj.tif,PostEX_NP_IF_Progerin_LMNA_Nup_LMNB1_0.2_4_deconvolved_C2_max_proj.png,0,79,95,1,2048,79,b'eLtbPbCZG01BA5iCDPSM4k3iU1JBZuQDk1JKvLNRfG5iRXxBUX6WXklmGrhghfkPGGwgd2MWwSAGvBiGBByQAQ5zIA2MCTsAP42cXg==',eb046bfd18ea430e51a1b208ef555a3b,file:////imaging_storage/shared/users/Amulya/converted_v2/normal/c2/PostEX_NP_IF_Progerin_LMNA_Nup_LMNB1_0.2_4_deconvolved_C2_max_proj.tif,0,0,0,0,0,0,0,0,0,0,0,\\imaging_storage\shared\users\Amulya\converted_v2\normal\c2,C:\\Users\\amulya\\documents\\progeria-prediction\\230724_normal_c2,65535,0,0.005036302376538515,0.0050363024,-13.315128423552517,0.12422919415843126,file:////imaging_storage/shared/users/Amulya/converted_v2/normal/c2/PostEX_NP_IF_Progerin_LMNA_Nup_LMNB1_0.2_4_deconvolved_C2_max_proj.tif,file:///C:/Users/amulya/documents/progeria-prediction/230724_normal_c2/PostEX_NP_IF_Progerin_LMNA_Nup_LMNB1_0.2_4_deconvolved_C2_max_proj.png,2048
-1,6.0,6.0,0.0,0.0,0.1875,0.0,0.421875,0.21875,0.28125,0.09375,0.65625,PostEX_NP_IF_Progerin_LMNA_Nup_LMNB1_0.2_5_C2_max_proj.tif,PostEX_NP_IF_Progerin_LMNA_Nup_LMNB1_0.2_5_C2_max_proj.png,0,80,95,1,2048,80,b'eLtbPbCZG01BA5iCDPSM4k3jnY3icxMr4guK8rP0SjLTwIUpzE/AoAK5FbPYBTHgRS8ksIAMcDgDaWDo2wEAk3SXZw==',a3a504efe0be857a80efa16192b0f2ab,file:////imaging_storage/shared/users/Amulya/converted_v2/normal/c2/PostEX_NP_IF_Progerin_LMNA_Nup_LMNB1_0.2_5_C2_max_proj.tif,0,0,0,0,0,0,0,0,0,0,0,\\imaging_storage\shared\users\Amulya\converted_v2\normal\c2,C:\\Users\\amulya\\documents\\progeria-prediction\\230724_normal_c2,65535,0,0.007995892316102982,0.007995892,-13.14780362299135,0.05089458729419505,file:////imaging_storage/shared/users/Amulya/converted_v2/normal/c2/PostEX_NP_IF_Progerin_LMNA_Nup_LMNB1_0.2_5_C2_max_proj.tif,file:///C:/Users/amulya/documents/progeria-prediction/230724_normal_c2/PostEX_NP_IF_Progerin_LMNA_Nup_LMNB1_0.2_5_C2_max_proj.png,2048
-1,5.0,5.0,0.0,0.0,0.15625,0.0,0.359375,0.203125,0.34375,0.078125,0.703125,PostEX_NP_IF_Progerin_LMNA_Nup_LMNB1_0.2_6_C2_max_proj.tif,PostEX_NP_IF_Progerin_LMNA_Nup_LMNB1_0.2_6_C2_max_proj.png,0,81,95,1,2048,81,b'eLtbPbCZG01BA5iCDPSM4s3inY3icxMr4guK8rP0SjLTwIUpzE/AoAK5FbPYBTHgRS8ksIAMcDgDaWDo2wEAk82XaA==',e4f6950b4b37f025347ac853b996f64c,file:////imaging_storage/shared/users/Amulya/converted_v2/normal/c2/PostEX_NP_IF_Progerin_LMNA_Nup_LMNB1_0.2_6_C2_max_proj.tif,0,0,0,0,0,0,0,0,0,0,0,\\imaging_storage\shared\users\Amulya\converted_v2\normal\c2,C:\\Users\\amulya\\documents\\progeria-prediction\\230724_normal_c2,65535,0,0.07636241614818573,0.076362416,-12.931432811732016,0.11195089552305149,file:////imaging_storage/shared/users/Amulya/converted_v2/normal/c2/PostEX_NP_IF_Progerin_LMNA_Nup_LMNB1_0.2_6_C2_max_proj.tif,file:///C:/Users/amulya/documents/progeria-prediction/230724_normal_c2/PostEX_NP_IF_Progerin_LMNA_Nup_LMNB1_0.2_6_C2_max_proj.png,2048
-1,5.0,5.0,0.0,0.0,0.21875,0.0,0.484375,0.203125,0.28125,0.078125,0.65625,PostEX_NP_IF_Progerin_LMNA_Nup_LMNB1_0.2_7_C2_max_proj.tif,PostEX_NP_IF_Progerin_LMNA_Nup_LMNB1_0.2_7_C2_max_proj.png,0,82,95,1,2048,82,b'eLtbPbCZG01BA5iCDPSM4s3jnY3icxMr4guK8rP0SjLTwIUpzE/AoAK5FbPYBTHgRS8ksIAMcDgDaWDo2wEAlCaXaQ==',dde00ad21df47bd1373a7076aa455deb,file:////imaging_storage/shared/users/Amulya/converted_v2/normal/c2/PostEX_NP_IF_Progerin_LMNA_Nup_LMNB1_0.2_7_C2_max_proj.tif,0,0,0,0,0,0,0,0,0,0,0,\\imaging_storage\shared\users\Amulya\converted_v2\normal\c2,C:\\Users\\amulya\\documents\\progeria-prediction\\230724_normal_c2,65535,0,0.005712078884243965,0.005712079,-13.299180352796636,0.08527561442970466,file:////imaging_storage/shared/users/Amulya/converted_v2/normal/c2/PostEX_NP_IF_Progerin_LMNA_Nup_LMNB1_0.2_7_C2_max_proj.tif,file:///C:/Users/amulya/documents/progeria-prediction/230724_normal_c2/PostEX_NP_IF_Progerin_LMNA_Nup_LMNB1_0.2_7_C2_max_proj.png,2048
-1,3.0,3.0,0.0,0.0,0.171875,0.0,0.5,0.1875,0.28125,0.0625,0.625,PostEX_NP_IF_Progerin_LMNA_Nup_LMNB1_0.2_7_deconvolved_C2_max_proj.tif,PostEX_NP_IF_Progerin_LMNA_Nup_LMNB1_0.2_7_deconvolved_C2_max_proj.png,0,83,95,1,2048,83,b'eLtbPbCZG01BA5iCDPSM4s3jU1JBZuQDk1JKvLNRfG5iRXxBUX6WXklmGrhghfkPGGwgd2MWwSAGvBiGBByQAQ5zIA2MCTsAQLycYQ==',03acb715c45bcd593840edcd7c853307,file:////imaging_storage/shared/users/Amulya/converted_v2/normal/c2/PostEX_NP_IF_Progerin_LMNA_Nup_LMNB1_0.2_7_deconvolved_C2_max_proj.tif,0,0,0,0,0,0,0,0,0,0,0,\\imaging_storage\shared\users\Amulya\converted_v2\normal\c2,C:\\Users\\amulya\\documents\\progeria-prediction\\230724_normal_c2,65535,0,0.005215502344071865,0.0052155023,-13.306908511831114,0.1426179304654056,file:////imaging_storage/shared/users/Amulya/converted_v2/normal/c2/PostEX_NP_IF_Progerin_LMNA_Nup_LMNB1_0.2_7_deconvolved_C2_max_proj.tif,file:///C:/Users/amulya/documents/progeria-prediction/230724_normal_c2/PostEX_NP_IF_Progerin_LMNA_Nup_LMNB1_0.2_7_deconvolved_C2_max_proj.png,2048
-1,10.0,10.0,0.0,0.0,0.203125,0.0,0.5,0.21875,0.265625,0.078125,0.6875,PostEX_NP_IF_Progerin_LMNA_Nup_LMNB1_0.2_8_C2_max_proj.tif,PostEX_NP_IF_Progerin_LMNA_Nup_LMNB1_0.2_8_C2_max_proj.png,0,84,95,1,2048,84,b'eLtbPbCZG01BA5iCDPSM4i3inY3icxMr4guK8rP0SjLTwIUpzE/AoAK5FbPYBTHgRS8ksIAMcDgDaWDo2wEAlH+Xag==',5bf6039f412a2e447f24e4fba4163bd3,file:////imaging_storage/shared/users/Amulya/converted_v2/normal/c2/PostEX_NP_IF_Progerin_LMNA_Nup_LMNB1_0.2_8_C2_max_proj.tif,0,0,0,0,0,0,0,0,0,0,0,\\imaging_storage\shared\users\Amulya\converted_v2\normal\c2,C:\\Users\\amulya\\documents\\progeria-prediction\\230724_normal_c2,65535,0,0.005420830100774765,0.00542083,-13.296882528082135,0.015178821797771747,file:////imaging_storage/shared/users/Amulya/converted_v2/normal/c2/PostEX_NP_IF_Progerin_LMNA_Nup_LMNB1_0.2_8_C2_max_proj.tif,file:///C:/Users/amulya/documents/progeria-prediction/230724_normal_c2/PostEX_NP_IF_Progerin_LMNA_Nup_LMNB1_0.2_8_C2_max_proj.png,2048
-1,5.0,5.0,0.0,0.0,0.171875,0.0,0.484375,0.21875,0.3125,0.0625,0.6875,PostEX_NP_IF_Progerin_LMNA_Nup_LMNB1_0.2_9_C2_max_proj.tif,PostEX_NP_IF_Progerin_LMNA_Nup_LMNB1_0.2_9_C2_max_proj.png,0,85,95,1,2048,85,b'eLtbPbCZG01BA5iCDPSM4i3jnY3icxMr4guK8rP0SjLTwIUpzE/AoAK5FbPYBTHgRS8ksIAMcDgDaWDo2wEAlNiXaw==',6db45f88fd7d1327be42f86de3f94d41,file:////imaging_storage/shared/users/Amulya/converted_v2/normal/c2/PostEX_NP_IF_Progerin_LMNA_Nup_LMNB1_0.2_9_C2_max_proj.tif,0,0,0,0,0,0,0,0,0,0,0,\\imaging_storage\shared\users\Amulya\converted_v2\normal\c2,C:\\Users\\amulya\\documents\\progeria-prediction\\230724_normal_c2,65535,0,0.007400925271213055,0.0074009253,-12.919971682844896,0.037846852926946895,file:////imaging_storage/shared/users/Amulya/converted_v2/normal/c2/PostEX_NP_IF_Progerin_LMNA_Nup_LMNB1_0.2_9_C2_max_proj.tif,file:///C:/Users/amulya/documents/progeria-prediction/230724_normal_c2/PostEX_NP_IF_Progerin_LMNA_Nup_LMNB1_0.2_9_C2_max_proj.png,2048
-1,4.0,4.0,0.0,0.0,0.15625,0.0,0.453125,0.21875,0.265625,0.046875,0.640625,PostEX_NP_IF_Progerin_LMNA_Nup_LMNB1_0.2_C2_max_proj.tif,PostEX_NP_IF_Progerin_LMNA_Nup_LMNB1_0.2_C2_max_proj.png,0,86,95,1,2048,86,b'eLtbPbCZG01BA5iCDPSM4p2N4nMTK+ILivKz9Eoy08BFKcxHwIACuRSz0AUx4AUvJKiADHAoA2lg2NsBAGeSltM=',db17c64593de78ee1fe16a46889a9bd4,file:////imaging_storage/shared/users/Amulya/converted_v2/normal/c2/PostEX_NP_IF_Progerin_LMNA_Nup_LMNB1_0.2_C2_max_proj.tif,0,0,0,0,0,0,0,0,0,0,0,\\imaging_storage\shared\users\Amulya\converted_v2\normal\c2,C:\\Users\\amulya\\documents\\progeria-prediction\\230724_normal_c2,65535,0,0.009493832476437092,0.0094938325,-13.020014964086837,0.024906607114310475,file:////imaging_storage/shared/users/Amulya/converted_v2/normal/c2/PostEX_NP_IF_Progerin_LMNA_Nup_LMNB1_0.2_C2_max_proj.tif,file:///C:/Users/amulya/documents/progeria-prediction/230724_normal_c2/PostEX_NP_IF_Progerin_LMNA_Nup_LMNB1_0.2_C2_max_proj.png,2048
-1,8.0,8.0,0.0,0.0,0.171875,0.0,0.453125,0.1875,0.3125,0.078125,0.734375,PostEX_NP_IF_Progerin_LMNA_Nup_LMNB1_1_C2_max_proj.tif,PostEX_NP_IF_Progerin_LMNA_Nup_LMNB1_1_C2_max_proj.png,0,87,95,1,2048,87,b'eLtbPbCZG01BA5qCnI3icxMr4guK8rP0SjLTwAUpzD/AYAK5E7PIBTHgxS4koIAMcBgDaWDI2wEATw6WdA==',726e74eae790c40a4cc74c52a7d876b0,file:////imaging_storage/shared/users/Amulya/converted_v2/normal/c2/PostEX_NP_IF_Progerin_LMNA_Nup_LMNB1_1_C2_max_proj.tif,0,0,0,0,0,0,0,0,0,0,0,\\imaging_storage\shared\users\Amulya\converted_v2\normal\c2,C:\\Users\\amulya\\documents\\progeria-prediction\\230724_normal_c2,65535,0,0.00033526791958138347,0.00033526792,-13.097100888111516,0.0011357091429392433,file:////imaging_storage/shared/users/Amulya/converted_v2/normal/c2/PostEX_NP_IF_Progerin_LMNA_Nup_LMNB1_1_C2_max_proj.tif,file:///C:/Users/amulya/documents/progeria-prediction/230724_normal_c2/PostEX_NP_IF_Progerin_LMNA_Nup_LMNB1_1_C2_max_proj.png,2048
-1,4.0,4.0,0.0,0.0,0.1875,0.0,0.484375,0.203125,0.28125,0.0625,0.671875,PostEX_NP_IF_Progerin_LMNA_Nup_LMNB1_2_C2_max_proj.tif,PostEX_NP_IF_Progerin_LMNA_Nup_LMNB1_2_C2_max_proj.png,0,88,95,1,2048,88,b'eLtbPbCZG01BA5iCjOKdjeJzEyviC4rys/RKMtPABSnMP8BgArkTs8gFMeDFLiSggAxwGANpYMjbAQBPZ5Z1',600d2599b90c2ee47405b98fa5595c50,file:////imaging_storage/shared/users/Amulya/converted_v2/normal/c2/PostEX_NP_IF_Progerin_LMNA_Nup_LMNB1_2_C2_max_proj.tif,0,0,0,0,0,0,0,0,0,0,0,\\imaging_storage\shared\users\Amulya\converted_v2\normal\c2,C:\\Users\\amulya\\documents\\progeria-prediction\\230724_normal_c2,65535,0,0.0037868046201765537,0.0037868046,-13.570831767228999,0.03375079610662368,file:////imaging_storage/shared/users/Amulya/converted_v2/normal/c2/PostEX_NP_IF_Progerin_LMNA_Nup_LMNB1_2_C2_max_proj.tif,file:///C:/Users/amulya/documents/progeria-prediction/230724_normal_c2/PostEX_NP_IF_Progerin_LMNA_Nup_LMNB1_2_C2_max_proj.png,2048
-1,5.0,5.0,0.0,0.0,0.15625,0.0,0.453125,0.21875,0.296875,0.0625,0.640625,PostEX_NP_IF_Progerin_LMNA_Nup_LMNB1_3_C2_max_proj.tif,PostEX_NP_IF_Progerin_LMNA_Nup_LMNB1_3_C2_max_proj.png,0,89,95,1,2048,89,b'eLtbPbCZG01BA5iCjOOdjeJzEyviC4rys/RKMtPABSnMP8BgArkTs8gFMeDFLiSggAxwGANpYMjbAQBPwJZ2',4ca9a019ecc2fd74cf0f881d89362bc4,file:////imaging_storage/shared/users/Amulya/converted_v2/normal/c2/PostEX_NP_IF_Progerin_LMNA_Nup_LMNB1_3_C2_max_proj.tif,0,0,0,0,0,0,0,0,0,0,0,\\imaging_storage\shared\users\Amulya\converted_v2\normal\c2,C:\\Users\\amulya\\documents\\progeria-prediction\\230724_normal_c2,65535,0,0.007205849513411522,0.0072058495,-13.2451152656368,0.12523875353988956,file:////imaging_storage/shared/users/Amulya/converted_v2/normal/c2/PostEX_NP_IF_Progerin_LMNA_Nup_LMNB1_3_C2_max_proj.tif,file:///C:/Users/amulya/documents/progeria-prediction/230724_normal_c2/PostEX_NP_IF_Progerin_LMNA_Nup_LMNB1_3_C2_max_proj.png,2048
-1,3.0,3.0,0.0,0.0,0.171875,0.0,0.484375,0.21875,0.265625,0.0625,0.6875,PostEX_NP_IF_Progerin_LMNA_Nup_LMNB1_4_C2_max_proj.tif,PostEX_NP_IF_Progerin_LMNA_Nup_LMNB1_4_C2_max_proj.png,0,90,95,1,2048,90,b'eLtbPbCZG01BA5iCTOKdjeJzEyviC4rys/RKMtPABSnMP8BgArkTs8gFMeDFLiSggAxwGANpYMjbAQBQGZZ3',d57e930a580609da0a611cdceda9a900,file:////imaging_storage/shared/users/Amulya/converted_v2/normal/c2/PostEX_NP_IF_Progerin_LMNA_Nup_LMNB1_4_C2_max_proj.tif,0,0,0,0,0,0,0,0,0,0,0,\\imaging_storage\shared\users\Amulya\converted_v2\normal\c2,C:\\Users\\amulya\\documents\\progeria-prediction\\230724_normal_c2,65535,0,0.005352778360247612,0.0053527784,-13.266888142879559,0.06577097813446642,file:////imaging_storage/shared/users/Amulya/converted_v2/normal/c2/PostEX_NP_IF_Progerin_LMNA_Nup_LMNB1_4_C2_max_proj.tif,file:///C:/Users/amulya/documents/progeria-prediction/230724_normal_c2/PostEX_NP_IF_Progerin_LMNA_Nup_LMNB1_4_C2_max_proj.png,2048
-1,3.0,3.0,0.0,0.0,0.203125,0.0,0.46875,0.203125,0.296875,0.046875,0.609375,PostEX_NP_IF_Progerin_LMNA_Nup_LMNB1_5_C2_max_proj.tif,PostEX_NP_IF_Progerin_LMNA_Nup_LMNB1_5_C2_max_proj.png,0,91,95,1,2048,91,b'eLtbPbCZG01BA5iCTOOdjeJzEyviC4rys/RKMtPABSnMP8BgArkTs8gFMeDFLiSggAxwGANpYMjbAQBQcpZ4',a489d83a8f55f54e513bce224c82efe4,file:////imaging_storage/shared/users/Amulya/converted_v2/normal/c2/PostEX_NP_IF_Progerin_LMNA_Nup_LMNB1_5_C2_max_proj.tif,0,0,0,0,0,0,0,0,0,0,0,\\imaging_storage\shared\users\Amulya\converted_v2\normal\c2,C:\\Users\\amulya\\documents\\progeria-prediction\\230724_normal_c2,65535,0,0.0052375635132193565,0.0052375635,-13.256029357108373,0.08223031654480906,file:////imaging_storage/shared/users/Amulya/converted_v2/normal/c2/PostEX_NP_IF_Progerin_LMNA_Nup_LMNB1_5_C2_max_proj.tif,file:///C:/Users/amulya/documents/progeria-prediction/230724_normal_c2/PostEX_NP_IF_Progerin_LMNA_Nup_LMNB1_5_C2_max_proj.png,2048
-1,2.0,2.0,0.0,0.0,0.171875,0.0,0.453125,0.21875,0.296875,0.046875,0.65625,PostEX_NP_IF_Progerin_LMNA_Nup_LMNB1_6_C2_max_proj.tif,PostEX_NP_IF_Progerin_LMNA_Nup_LMNB1_6_C2_max_proj.png,0,92,95,1,2048,92,b'eLtbPbCZG01BA5iCzOKdjeJzEyviC4rys/RKMtPABSnMP8BgArkTs8gFMeDFLiSggAxwGANpYMjbAQBQy5Z5',e4b9b19c8b362686db7d5fcf844d1835,file:////imaging_storage/shared/users/Amulya/converted_v2/normal/c2/PostEX_NP_IF_Progerin_LMNA_Nup_LMNB1_6_C2_max_proj.tif,0,0,0,0,0,0,0,0,0,0,0,\\imaging_storage\shared\users\Amulya\converted_v2\normal\c2,C:\\Users\\amulya\\documents\\progeria-prediction\\230724_normal_c2,65535,0,0.005208974704146385,0.0052089747,-13.404750706864723,0.12096780069339275,file:////imaging_storage/shared/users/Amulya/converted_v2/normal/c2/PostEX_NP_IF_Progerin_LMNA_Nup_LMNB1_6_C2_max_proj.tif,file:///C:/Users/amulya/documents/progeria-prediction/230724_normal_c2/PostEX_NP_IF_Progerin_LMNA_Nup_LMNB1_6_C2_max_proj.png,2048
-1,4.0,4.0,0.0,0.0,0.125,0.0,0.453125,0.203125,0.3125,0.0625,0.6875,PostEX_NP_IF_Progerin_LMNA_Nup_LMNB1_7_C2_max_proj.tif,PostEX_NP_IF_Progerin_LMNA_Nup_LMNB1_7_C2_max_proj.png,0,93,95,1,2048,93,b'eLtbPbCZG01BA5iCzOOdjeJzEyviC4rys/RKMtPABSnMP8BgArkTs8gFMeDFLiSggAxwGANpYMjbAQBRJJZ6',6c1f872a6873d41ab095952b7ce6682f,file:////imaging_storage/shared/users/Amulya/converted_v2/normal/c2/PostEX_NP_IF_Progerin_LMNA_Nup_LMNB1_7_C2_max_proj.tif,0,0,0,0,0,0,0,0,0,0,0,\\imaging_storage\shared\users\Amulya\converted_v2\normal\c2,C:\\Users\\amulya\\documents\\progeria-prediction\\230724_normal_c2,65535,0,0.006291667930781841,0.006291668,-13.293556949588236,0.10973019053523103,file:////imaging_storage/shared/users/Amulya/converted_v2/normal/c2/PostEX_NP_IF_Progerin_LMNA_Nup_LMNB1_7_C2_max_proj.tif,file:///C:/Users/amulya/documents/progeria-prediction/230724_normal_c2/PostEX_NP_IF_Progerin_LMNA_Nup_LMNB1_7_C2_max_proj.png,2048
-1,5.0,5.0,0.0,0.0,0.21875,0.0,0.484375,0.203125,0.296875,0.046875,0.640625,PostEX_NP_IF_Progerin_LMNA_Nup_LMNB1_8_C2_max_proj.tif,PostEX_NP_IF_Progerin_LMNA_Nup_LMNB1_8_C2_max_proj.png,0,94,95,1,2048,94,b'eLtbPbCZG01BA5iCLOKdjeJzEyviC4rys/RKMtPABSnMP8BgArkTs8gFMeDFLiSggAxwGANpYMjbAQBRfZZ7',eeae61fa846589ebdcff2c92bec7d934,file:////imaging_storage/shared/users/Amulya/converted_v2/normal/c2/PostEX_NP_IF_Progerin_LMNA_Nup_LMNB1_8_C2_max_proj.tif,0,0,0,0,0,0,0,0,0,0,0,\\imaging_storage\shared\users\Amulya\converted_v2\normal\c2,C:\\Users\\amulya\\documents\\progeria-prediction\\230724_normal_c2,65535,0,0.006182806566357613,0.0061828066,-13.305210684663837,0.11037809539524801,file:////imaging_storage/shared/users/Amulya/converted_v2/normal/c2/PostEX_NP_IF_Progerin_LMNA_Nup_LMNB1_8_C2_max_proj.tif,file:///C:/Users/amulya/documents/progeria-prediction/230724_normal_c2/PostEX_NP_IF_Progerin_LMNA_Nup_LMNB1_8_C2_max_proj.png,2048
-1,2.0,2.0,0.0,0.0,0.171875,0.0,0.4375,0.21875,0.265625,0.046875,0.6875,PostEX_NP_IF_Progerin_LMNA_Nup_LMNB1_C2_max_proj.tif,PostEX_NP_IF_Progerin_LMNA_Nup_LMNB1_C2_max_proj.png,0,95,95,1,2048,95,b'eLtbPbCZG01BA5iCnI3icxMr4guK8rP0SjLTwMUozDfAQAK5ErPABTHghS4kmIAMcAgDaWC42wEAJm6V5A==',805cd84adec89a711cbd873eafb311c2,file:////imaging_storage/shared/users/Amulya/converted_v2/normal/c2/PostEX_NP_IF_Progerin_LMNA_Nup_LMNB1_C2_max_proj.tif,0,0,0,0,0,0,0,0,0,0,0,\\imaging_storage\shared\users\Amulya\converted_v2\normal\c2,C:\\Users\\amulya\\documents\\progeria-prediction\\230724_normal_c2,65535,0,0.00467478483915329,0.004674785,-13.322811864903304,0.027633514547773075,file:////imaging_storage/shared/users/Amulya/converted_v2/normal/c2/PostEX_NP_IF_Progerin_LMNA_Nup_LMNB1_C2_max_proj.tif,file:///C:/Users/amulya/documents/progeria-prediction/230724_normal_c2/PostEX_NP_IF_Progerin_LMNA_Nup_LMNB1_C2_max_proj.png,2048
