Channel_DNA,Count_IdentifyPrimaryObjects,ExecutionTime_01Images,ExecutionTime_02Metadata,ExecutionTime_03NamesAndTypes,ExecutionTime_04Groups,ExecutionTime_05RescaleIntensity,ExecutionTime_06Resize,ExecutionTime_08IdentifyPrimaryObjects,ExecutionTime_09MeasureObjectSizeShape,FileName_DNA,FileName_OverlayObjects,Frame_DNA,Group_Index,Group_Length,Group_Number,Height_DNA,ImageNumber,ImageSet_ImageSet,MD5Digest_DNA,Metadata_FileLocation,Metadata_Frame,Metadata_Series,ModuleError_01Images,ModuleError_02Metadata,ModuleError_03NamesAndTypes,ModuleError_04Groups,ModuleError_05RescaleIntensity,ModuleError_06Resize,ModuleError_08IdentifyPrimaryObjects,ModuleError_09MeasureObjectSizeShape,PathName_DNA,PathName_OverlayObjects,Scaling_DNA,Series_DNA,Threshold_FinalThreshold_IdentifyPrimaryObjects,Threshold_OrigThreshold_IdentifyPrimaryObjects,Threshold_SumOfEntropies_IdentifyPrimaryObjects,Threshold_WeightedVariance_IdentifyPrimaryObjects,URL_DNA,URL_OverlayObjects,Width_DNA
-1,20.0,0.0,0.0,0.390625,0.0,0.546875,0.21875,0.375,0.9375,Late_progeria_IF_Test_0.1um_C2_max_proj.tif,Late_progeria_IF_Test_0.1um_C2_max_proj.png,0,1,47,1,2048,1,b'eLsH6raDG01VtEpVPsCKKh65qAxJLS4B1mGGpbnxzkbxuYkVINksvZLMNHDNBfMGMHRAzsOs40AMRD0HDh8gAxy0QBoY4HYANteUCg==',a099f9e82b3e62628f97f11e100e0d62,file:////imaging_storage/shared/users/Amulya/converted_v2/progeria/c2/Late_progeria_IF_Test_0.1um_C2_max_proj.tif,0,0,0,0,0,0,0,0,0,0,\\imaging_storage\shared\users\Amulya\converted_v2\progeria\c2,C:\\Users\\amulya\\documents\\progeria-prediction\\230721_progeria_c2_v2,65535,0,0.05510739982128143,0.0551074,-12.43522362897051,0.2419385426428562,file:////imaging_storage/shared/users/Amulya/converted_v2/progeria/c2/Late_progeria_IF_Test_0.1um_C2_max_proj.tif,file:///C:/Users/amulya/documents/progeria-prediction/230721_progeria_c2_v2/Late_progeria_IF_Test_0.1um_C2_max_proj.png,2048
-1,23.0,0.0,0.0,0.25,0.0,0.609375,0.21875,0.296875,1.40625,Late_progeria_IF_Test_1_C2_max_proj.tif,Late_progeria_IF_Test_1_C2_max_proj.png,0,2,47,1,2048,2,b'eLsH6raDG01VtEpVPsCKKh65qAxJLS6JN4x3NorPTawAyWTplWSmgWstmBeAIQNyGmb9BmIg6jhw2AAZ4GAF0sDAtgMA5jGSyg==',aa0545b00275b94af5fa8952bcfa0393,file:////imaging_storage/shared/users/Amulya/converted_v2/progeria/c2/Late_progeria_IF_Test_1_C2_max_proj.tif,0,0,0,0,0,0,0,0,0,0,\\imaging_storage\shared\users\Amulya\converted_v2\progeria\c2,C:\\Users\\amulya\\documents\\progeria-prediction\\230721_progeria_c2_v2,65535,0,0.026245445013046265,0.026245445,-12.07054799231513,0.0908126973320833,file:////imaging_storage/shared/users/Amulya/converted_v2/progeria/c2/Late_progeria_IF_Test_1_C2_max_proj.tif,file:///C:/Users/amulya/documents/progeria-prediction/230721_progeria_c2_v2/Late_progeria_IF_Test_1_C2_max_proj.png,2048
-1,10.0,0.0,0.0,0.234375,0.0,0.53125,0.328125,0.359375,0.9375,Late_progeria_IF_Test_2_C2_max_proj.tif,Late_progeria_IF_Test_2_C2_max_proj.png,0,3,47,1,2048,3,b'eLsH6raDG01VtEpVPsCKKh65qAxJLS6JN4p3NorPTawAyWTplWSmgWstmBeAIQNyGmb9BmIg6jhw2AAZ4GAF0sDAtgMA5oqSyw==',993eb1b5556c0b70e5ffa753a41af288,file:////imaging_storage/shared/users/Amulya/converted_v2/progeria/c2/Late_progeria_IF_Test_2_C2_max_proj.tif,0,0,0,0,0,0,0,0,0,0,\\imaging_storage\shared\users\Amulya\converted_v2\progeria\c2,C:\\Users\\amulya\\documents\\progeria-prediction\\230721_progeria_c2_v2,65535,0,0.03501022607088089,0.035010226,-12.606616519985533,0.08179013620841147,file:////imaging_storage/shared/users/Amulya/converted_v2/progeria/c2/Late_progeria_IF_Test_2_C2_max_proj.tif,file:///C:/Users/amulya/documents/progeria-prediction/230721_progeria_c2_v2/Late_progeria_IF_Test_2_C2_max_proj.png,2048
-1,13.0,0.0,0.0,0.21875,0.0,0.515625,0.234375,0.3125,1.078125,PostEX_P22progeria_IF_DAPI_LMNA_Nup_LMNB1_0.2_1_C2_max_proj.tif,PostEX_P22progeria_IF_DAPI_LMNA_Nup_LMNB1_0.2_1_C2_max_proj.png,0,4,47,1,2048,4,b'eLsH6raDG01VNCsm84tLXCPiA4yMkMtLF8cAT1Aic4z3Ky0AMZwMgfWaUbxhvLNRfG5iRTxQcZZeSWYauDaDeQ0YYiAnY9Z7IAai7gOHGZABDm4gDYwEOwC9rpl6',adc336cda1dff9c047a65805f0336c77,file:////imaging_storage/shared/users/Amulya/converted_v2/progeria/c2/PostEX_P22progeria_IF_DAPI_LMNA_Nup_LMNB1_0.2_1_C2_max_proj.tif,0,0,0,0,0,0,0,0,0,0,\\imaging_storage\shared\users\Amulya\converted_v2\progeria\c2,C:\\Users\\amulya\\documents\\progeria-prediction\\230721_progeria_c2_v2,65535,0,0.009170187637209892,0.009170188,-13.130574863305942,0.09976220049223627,file:////imaging_storage/shared/users/Amulya/converted_v2/progeria/c2/PostEX_P22progeria_IF_DAPI_LMNA_Nup_LMNB1_0.2_1_C2_max_proj.tif,file:///C:/Users/amulya/documents/progeria-prediction/230721_progeria_c2_v2/PostEX_P22progeria_IF_DAPI_LMNA_Nup_LMNB1_0.2_1_C2_max_proj.png,2048
-1,27.0,0.0,0.0,0.28125,0.0,0.515625,0.234375,0.546875,1.28125,PostEX_P22progeria_IF_DAPI_LMNA_Nup_LMNB1_0.2_2_C2_max_proj.tif,PostEX_P22progeria_IF_DAPI_LMNA_Nup_LMNB1_0.2_2_C2_max_proj.png,0,5,47,1,2048,5,b'eLsH6raDG01VNCsm84tLXCPiA4yMkMtLF8cAT1Aic4z3Ky0AMZwMgfUaMDbinY3icxMr4oGKs/RKMtPAtRnMa8AQAzkZs94DMRB1HzjMgAxwcANpYCTYAQC+B5l7',8fed2ca8fea49948b3ffa606fdfc708d,file:////imaging_storage/shared/users/Amulya/converted_v2/progeria/c2/PostEX_P22progeria_IF_DAPI_LMNA_Nup_LMNB1_0.2_2_C2_max_proj.tif,0,0,0,0,0,0,0,0,0,0,\\imaging_storage\shared\users\Amulya\converted_v2\progeria\c2,C:\\Users\\amulya\\documents\\progeria-prediction\\230721_progeria_c2_v2,65535,0,0.00987805426120758,0.009878054,-12.963277006660475,0.1132048604654301,file:////imaging_storage/shared/users/Amulya/converted_v2/progeria/c2/PostEX_P22progeria_IF_DAPI_LMNA_Nup_LMNB1_0.2_2_C2_max_proj.tif,file:///C:/Users/amulya/documents/progeria-prediction/230721_progeria_c2_v2/PostEX_P22progeria_IF_DAPI_LMNA_Nup_LMNB1_0.2_2_C2_max_proj.png,2048
-1,11.0,0.0,0.0,0.171875,0.0,0.671875,0.234375,0.390625,0.859375,PostEX_P22progeria_IF_DAPI_LMNA_Nup_LMNB1_0.2_3_C2_max_proj.tif,PostEX_P22progeria_IF_DAPI_LMNA_Nup_LMNB1_0.2_3_C2_max_proj.png,0,6,47,1,2048,6,b'eLsH6raDG01VNCsm84tLXCPiA4yMkMtLF8cAT1Aic4z3Ky0AMZwMgfWaUbxxvLNRfG5iRTxQcZZeSWYauDaDeQ0YYiAnY9Z7IAai7gOHGZABDm4gDYwEOwC+YJl8',585e7ad4e2ed4e4d4779ebcf693ea3ea,file:////imaging_storage/shared/users/Amulya/converted_v2/progeria/c2/PostEX_P22progeria_IF_DAPI_LMNA_Nup_LMNB1_0.2_3_C2_max_proj.tif,0,0,0,0,0,0,0,0,0,0,\\imaging_storage\shared\users\Amulya\converted_v2\progeria\c2,C:\\Users\\amulya\\documents\\progeria-prediction\\230721_progeria_c2_v2,65535,0,0.007887201383709908,0.007887201,-13.197899605186642,0.09000159978035072,file:////imaging_storage/shared/users/Amulya/converted_v2/progeria/c2/PostEX_P22progeria_IF_DAPI_LMNA_Nup_LMNB1_0.2_3_C2_max_proj.tif,file:///C:/Users/amulya/documents/progeria-prediction/230721_progeria_c2_v2/PostEX_P22progeria_IF_DAPI_LMNA_Nup_LMNB1_0.2_3_C2_max_proj.png,2048
-1,12.0,0.0,0.0,0.25,0.0,0.59375,0.203125,0.359375,0.984375,PostEX_P22progeria_IF_DAPI_LMNA_Nup_LMNB1_0.2_3_deconvolved_C2_max_proj.tif,PostEX_P22progeria_IF_DAPI_LMNA_Nup_LMNB1_0.2_3_deconvolved_C2_max_proj.png,0,7,47,1,2048,7,b'eLsH6raDG01VNCsm84tLXCPiA4yMkMtLF8cAT1Aic4z3Ky0AMZwMgfWaUbxxfEoqyKh8YApLiXc2is9NrIgHaszSK8lMA9dsMG8CQw/kfMw6EMRA1IPg8AMywEEPpIERYgcAg9qedA==',9c0252ab868749c1a5f1b50c4c5793a6,file:////imaging_storage/shared/users/Amulya/converted_v2/progeria/c2/PostEX_P22progeria_IF_DAPI_LMNA_Nup_LMNB1_0.2_3_deconvolved_C2_max_proj.tif,0,0,0,0,0,0,0,0,0,0,\\imaging_storage\shared\users\Amulya\converted_v2\progeria\c2,C:\\Users\\amulya\\documents\\progeria-prediction\\230721_progeria_c2_v2,65535,0,0.005837597884237766,0.005837598,-13.458531469260947,0.14512726718851354,file:////imaging_storage/shared/users/Amulya/converted_v2/progeria/c2/PostEX_P22progeria_IF_DAPI_LMNA_Nup_LMNB1_0.2_3_deconvolved_C2_max_proj.tif,file:///C:/Users/amulya/documents/progeria-prediction/230721_progeria_c2_v2/PostEX_P22progeria_IF_DAPI_LMNA_Nup_LMNB1_0.2_3_deconvolved_C2_max_proj.png,2048
-1,16.0,0.0,0.0,0.1875,0.0,0.578125,0.265625,0.3125,1.0625,PostEX_P22progeria_IF_DAPI_LMNA_Nup_LMNB1_0.2_4_C2_max_proj.tif,PostEX_P22progeria_IF_DAPI_LMNA_Nup_LMNB1_0.2_4_C2_max_proj.png,0,8,47,1,2048,8,b'eLsH6raDG01VNCsm84tLXCPiA4yMkMtLF8cAT1Aic4z3Ky0AMZwMgfWaUbxJvLNRfG5iRTxQcZZeSWYauDaDeQ0YYiAnY9Z7IAai7gOHGZABDm4gDYwEOwC+uZl9',5f17e71932a5c844f1c610f742c0ed04,file:////imaging_storage/shared/users/Amulya/converted_v2/progeria/c2/PostEX_P22progeria_IF_DAPI_LMNA_Nup_LMNB1_0.2_4_C2_max_proj.tif,0,0,0,0,0,0,0,0,0,0,\\imaging_storage\shared\users\Amulya\converted_v2\progeria\c2,C:\\Users\\amulya\\documents\\progeria-prediction\\230721_progeria_c2_v2,65535,0,0.017004068940877914,0.017004069,-12.840159929136433,0.08505541783318904,file:////imaging_storage/shared/users/Amulya/converted_v2/progeria/c2/PostEX_P22progeria_IF_DAPI_LMNA_Nup_LMNB1_0.2_4_C2_max_proj.tif,file:///C:/Users/amulya/documents/progeria-prediction/230721_progeria_c2_v2/PostEX_P22progeria_IF_DAPI_LMNA_Nup_LMNB1_0.2_4_C2_max_proj.png,2048
-1,23.0,0.0,0.0,0.265625,0.0,0.65625,0.296875,0.3125,0.96875,PostEX_P22progeria_IF_DAPI_LMNA_Nup_LMNB1_0.2_5_C2_max_proj.tif,PostEX_P22progeria_IF_DAPI_LMNA_Nup_LMNB1_0.2_5_C2_max_proj.png,0,9,47,1,2048,9,b'eLsH6raDG01VNCsm84tLXCPiA4yMkMtLF8cAT1Aic4z3Ky0AMZwMgfWaUbxpvLNRfG5iRTxQcZZeSWYauDaDeQ0YYiAnY9Z7IAai7gOHGZABDm4gDYwEOwC/Epl+',d3ef7add44d8df1f0a1eda4b473c13d0,file:////imaging_storage/shared/users/Amulya/converted_v2/progeria/c2/PostEX_P22progeria_IF_DAPI_LMNA_Nup_LMNB1_0.2_5_C2_max_proj.tif,0,0,0,0,0,0,0,0,0,0,\\imaging_storage\shared\users\Amulya\converted_v2\progeria\c2,C:\\Users\\amulya\\documents\\progeria-prediction\\230721_progeria_c2_v2,65535,0,0.006952143274247646,0.0069521433,-13.336143060740586,0.10677770797191499,file:////imaging_storage/shared/users/Amulya/converted_v2/progeria/c2/PostEX_P22progeria_IF_DAPI_LMNA_Nup_LMNB1_0.2_5_C2_max_proj.tif,file:///C:/Users/amulya/documents/progeria-prediction/230721_progeria_c2_v2/PostEX_P22progeria_IF_DAPI_LMNA_Nup_LMNB1_0.2_5_C2_max_proj.png,2048
-1,26.0,0.0,0.0,0.1875,0.0,0.5625,0.296875,0.421875,1.40625,PostEX_P22progeria_IF_DAPI_LMNA_Nup_LMNB1_0.2_5_deconvolved_C2_max_proj.tif,PostEX_P22progeria_IF_DAPI_LMNA_Nup_LMNB1_0.2_5_deconvolved_C2_max_proj.png,0,10,47,1,2048,10,b'eLsH6raDG01VNCsm84tLXCPiA4yMkMtLF8cAT1Aic4z3Ky0AMZwMgfWaUbxpfEoqyKh8YApLiXc2is9NrIgHaszSK8lMA9dsMG8CQw/kfMw6EMRA1IPg8AMywEEPpIERYgcAhKSedg==',565b917634db600e74699d25613720f6,file:////imaging_storage/shared/users/Amulya/converted_v2/progeria/c2/PostEX_P22progeria_IF_DAPI_LMNA_Nup_LMNB1_0.2_5_deconvolved_C2_max_proj.tif,0,0,0,0,0,0,0,0,0,0,\\imaging_storage\shared\users\Amulya\converted_v2\progeria\c2,C:\\Users\\amulya\\documents\\progeria-prediction\\230721_progeria_c2_v2,65535,0,0.007617020979523659,0.007617021,-13.287580013641103,0.16111793468371616,file:////imaging_storage/shared/users/Amulya/converted_v2/progeria/c2/PostEX_P22progeria_IF_DAPI_LMNA_Nup_LMNB1_0.2_5_deconvolved_C2_max_proj.tif,file:///C:/Users/amulya/documents/progeria-prediction/230721_progeria_c2_v2/PostEX_P22progeria_IF_DAPI_LMNA_Nup_LMNB1_0.2_5_deconvolved_C2_max_proj.png,2048
-1,19.0,0.0,0.0,0.203125,0.0,0.5625,0.296875,0.40625,1.40625,PostEX_P22progeria_IF_DAPI_LMNA_Nup_LMNB1_0.2_6_C2_max_proj.tif,PostEX_P22progeria_IF_DAPI_LMNA_Nup_LMNB1_0.2_6_C2_max_proj.png,0,11,47,1,2048,11,b'eLsH6raDG01VNCsm84tLXCPiA4yMkMtLF8cAT1Aic4z3Ky0AMZwMgfWaUbxZvLNRfG5iRTxQcZZeSWYauDaDeQ0YYiAnY9Z7IAai7gOHGZABDm4gDYwEOwC/a5l/',b4f5202161dc02d5ae4457154f24f374,file:////imaging_storage/shared/users/Amulya/converted_v2/progeria/c2/PostEX_P22progeria_IF_DAPI_LMNA_Nup_LMNB1_0.2_6_C2_max_proj.tif,0,0,0,0,0,0,0,0,0,0,\\imaging_storage\shared\users\Amulya\converted_v2\progeria\c2,C:\\Users\\amulya\\documents\\progeria-prediction\\230721_progeria_c2_v2,65535,0,0.006997572723776102,0.0069975727,-13.055379300934291,0.08085541071314495,file:////imaging_storage/shared/users/Amulya/converted_v2/progeria/c2/PostEX_P22progeria_IF_DAPI_LMNA_Nup_LMNB1_0.2_6_C2_max_proj.tif,file:///C:/Users/amulya/documents/progeria-prediction/230721_progeria_c2_v2/PostEX_P22progeria_IF_DAPI_LMNA_Nup_LMNB1_0.2_6_C2_max_proj.png,2048
-1,19.0,0.0,0.0,0.234375,0.0,0.734375,0.25,0.375,1.515625,PostEX_P22progeria_IF_DAPI_LMNA_Nup_LMNB1_0.2_7_C2_max_proj.tif,PostEX_P22progeria_IF_DAPI_LMNA_Nup_LMNB1_0.2_7_C2_max_proj.png,0,12,47,1,2048,12,b'eLsH6raDG01VNCsm84tLXCPiA4yMkMtLF8cAT1Aic4z3Ky0AMZwMgfWaUbx5vLNRfG5iRTxQcZZeSWYauDaDeQ0YYiAnY9Z7IAai7gOHGZABDm4gDYwEOwC/xJmA',f5907f39f3c0bff22d9921a172894b25,file:////imaging_storage/shared/users/Amulya/converted_v2/progeria/c2/PostEX_P22progeria_IF_DAPI_LMNA_Nup_LMNB1_0.2_7_C2_max_proj.tif,0,0,0,0,0,0,0,0,0,0,\\imaging_storage\shared\users\Amulya\converted_v2\progeria\c2,C:\\Users\\amulya\\documents\\progeria-prediction\\230721_progeria_c2_v2,65535,0,0.008391741663217545,0.008391742,-12.842695802942085,0.10854387751329853,file:////imaging_storage/shared/users/Amulya/converted_v2/progeria/c2/PostEX_P22progeria_IF_DAPI_LMNA_Nup_LMNB1_0.2_7_C2_max_proj.tif,file:///C:/Users/amulya/documents/progeria-prediction/230721_progeria_c2_v2/PostEX_P22progeria_IF_DAPI_LMNA_Nup_LMNB1_0.2_7_C2_max_proj.png,2048
-1,8.0,0.0,0.0,0.21875,0.0,0.59375,0.296875,0.421875,1.078125,PostEX_P22progeria_IF_DAPI_LMNA_Nup_LMNB1_0.2_8_C2_max_proj.tif,PostEX_P22progeria_IF_DAPI_LMNA_Nup_LMNB1_0.2_8_C2_max_proj.png,0,13,47,1,2048,13,b'eLsH6raDG01VNCsm84tLXCPiA4yMkMtLF8cAT1Aic4z3Ky0AMZwMgfWaUbxFvLNRfG5iRTxQcZZeSWYauDaDeQ0YYiAnY9Z7IAai7gOHGZABDm4gDYwEOwDAHZmB',5a436b793f41db8df2fb4ed069f535d5,file:////imaging_storage/shared/users/Amulya/converted_v2/progeria/c2/PostEX_P22progeria_IF_DAPI_LMNA_Nup_LMNB1_0.2_8_C2_max_proj.tif,0,0,0,0,0,0,0,0,0,0,\\imaging_storage\shared\users\Amulya\converted_v2\progeria\c2,C:\\Users\\amulya\\documents\\progeria-prediction\\230721_progeria_c2_v2,65535,0,0.009102221578359604,0.009102222,-12.90267579675054,0.07142013775745681,file:////imaging_storage/shared/users/Amulya/converted_v2/progeria/c2/PostEX_P22progeria_IF_DAPI_LMNA_Nup_LMNB1_0.2_8_C2_max_proj.tif,file:///C:/Users/amulya/documents/progeria-prediction/230721_progeria_c2_v2/PostEX_P22progeria_IF_DAPI_LMNA_Nup_LMNB1_0.2_8_C2_max_proj.png,2048
-1,12.0,0.0,0.0,0.234375,0.0,0.703125,0.265625,0.34375,1.140625,PostEX_P22progeria_IF_DAPI_LMNA_Nup_LMNB1_0.2_8_deconvolved_C2_max_proj.tif,PostEX_P22progeria_IF_DAPI_LMNA_Nup_LMNB1_0.2_8_deconvolved_C2_max_proj.png,0,14,47,1,2048,14,b'eLsH6raDG01VNCsm84tLXCPiA4yMkMtLF8cAT1Aic4z3Ky0AMZwMgfWaUbxFfEoqyKh8YApLiXc2is9NrIgHaszSK8lMA9dsMG8CQw/kfMw6EMRA1IPg8AMywEEPpIERYgcAhdOeeQ==',376b97e40405ce07bc1fdff2d5ca5847,file:////imaging_storage/shared/users/Amulya/converted_v2/progeria/c2/PostEX_P22progeria_IF_DAPI_LMNA_Nup_LMNB1_0.2_8_deconvolved_C2_max_proj.tif,0,0,0,0,0,0,0,0,0,0,\\imaging_storage\shared\users\Amulya\converted_v2\progeria\c2,C:\\Users\\amulya\\documents\\progeria-prediction\\230721_progeria_c2_v2,65535,0,0.005999641492962837,0.0059996415,-13.22448793781652,0.13686370906441425,file:////imaging_storage/shared/users/Amulya/converted_v2/progeria/c2/PostEX_P22progeria_IF_DAPI_LMNA_Nup_LMNB1_0.2_8_deconvolved_C2_max_proj.tif,file:///C:/Users/amulya/documents/progeria-prediction/230721_progeria_c2_v2/PostEX_P22progeria_IF_DAPI_LMNA_Nup_LMNB1_0.2_8_deconvolved_C2_max_proj.png,2048
-1,47.0,0.0,0.0,0.234375,0.0,0.65625,0.265625,0.765625,1.359375,PostEX_P22progeria_IF_DAPI_LMNA_Nup_LMNB1_0.2_C2_max_proj.tif,PostEX_P22progeria_IF_DAPI_LMNA_Nup_LMNB1_0.2_C2_max_proj.png,0,15,47,1,2048,15,b'eLsH6raDG01VNCsm84tLXCPiA4yMkMtLF8cAT1Aic4z3Ky0AMZwMgfWaUbyzUXxuYkU8UGmWXklmGrgug3kMGF4gB2PWeiAGouYDhxiQAQ5sIA2MAjsAjwKY6g==',ea4291b790baec18a8118f3d416c0a6c,file:////imaging_storage/shared/users/Amulya/converted_v2/progeria/c2/PostEX_P22progeria_IF_DAPI_LMNA_Nup_LMNB1_0.2_C2_max_proj.tif,0,0,0,0,0,0,0,0,0,0,\\imaging_storage\shared\users\Amulya\converted_v2\progeria\c2,C:\\Users\\amulya\\documents\\progeria-prediction\\230721_progeria_c2_v2,65535,0,0.010629316791892052,0.010629317,-13.325722237121598,0.26324306004647724,file:////imaging_storage/shared/users/Amulya/converted_v2/progeria/c2/PostEX_P22progeria_IF_DAPI_LMNA_Nup_LMNB1_0.2_C2_max_proj.tif,file:///C:/Users/amulya/documents/progeria-prediction/230721_progeria_c2_v2/PostEX_P22progeria_IF_DAPI_LMNA_Nup_LMNB1_0.2_C2_max_proj.png,2048
-1,6.0,0.0,0.0,0.21875,0.0,0.734375,0.265625,0.40625,0.984375,Progeria_UT_2022-07-29_12.29.04_F00_C2_max_proj.tif,Progeria_UT_2022-07-29_12.29.04_F00_C2_max_proj.png,0,16,47,1,2048,16,b'eLsH6raDG01VNCsmYaUkMHlBUpG5rpFlvKERKDsbmACTk0G8s1F8bmJFPFBbll5JZhq4BoN5BxhKIGdi1nUgBqK+A4cTkAEOYiANDHg7ALjBk5M=',37b6be5415c38478c372cbf391bd7a03,file:////imaging_storage/shared/users/Amulya/converted_v2/progeria/c2/Progeria_UT_2022-07-29_12.29.04_F00_C2_max_proj.tif,0,0,0,0,0,0,0,0,0,0,\\imaging_storage\shared\users\Amulya\converted_v2\progeria\c2,C:\\Users\\amulya\\documents\\progeria-prediction\\230721_progeria_c2_v2,65535,0,0.07640980184078217,0.0764098,-13.17434482386713,2.074635754157498,file:////imaging_storage/shared/users/Amulya/converted_v2/progeria/c2/Progeria_UT_2022-07-29_12.29.04_F00_C2_max_proj.tif,file:///C:/Users/amulya/documents/progeria-prediction/230721_progeria_c2_v2/Progeria_UT_2022-07-29_12.29.04_F00_C2_max_proj.png,2048
-1,2.0,0.0,0.0,0.203125,0.0,0.609375,0.265625,0.34375,0.96875,Progeria_UT_2022-07-29_12.29.04_F01_C2_max_proj.tif,Progeria_UT_2022-07-29_12.29.04_F01_C2_max_proj.png,0,17,47,1,2048,17,b'eLsH6raDG01VNCsmYaUkMHlBUpG5rpFlvKERKDsbmACTk2G8s1F8bmJFPFBbll5JZhq4BoN5BxhKIGdi1nUgBqK+A4cTkAEOYiANDHg7ALkak5Q=',5e67e41b580f06e1e84b21dbe2f26d12,file:////imaging_storage/shared/users/Amulya/converted_v2/progeria/c2/Progeria_UT_2022-07-29_12.29.04_F01_C2_max_proj.tif,0,0,0,0,0,0,0,0,0,0,\\imaging_storage\shared\users\Amulya\converted_v2\progeria\c2,C:\\Users\\amulya\\documents\\progeria-prediction\\230721_progeria_c2_v2,65535,0,0.058388110250234604,0.05838811,-12.012540791190762,0.797254957245741,file:////imaging_storage/shared/users/Amulya/converted_v2/progeria/c2/Progeria_UT_2022-07-29_12.29.04_F01_C2_max_proj.tif,file:///C:/Users/amulya/documents/progeria-prediction/230721_progeria_c2_v2/Progeria_UT_2022-07-29_12.29.04_F01_C2_max_proj.png,2048
-1,9.0,0.0,0.0,0.296875,0.0,0.625,0.25,0.359375,1.046875,Progeria_UT_2022-07-29_12.29.04_F02_C2_max_proj.tif,Progeria_UT_2022-07-29_12.29.04_F02_C2_max_proj.png,0,18,47,1,2048,18,b'eLsH6raDG01VNCsmYaUkMHlBUpG5rpFlvKERKDsbmACTk1G8s1F8bmJFPFBbll5JZhq4BoN5BxhKIGdi1nUgBqK+A4cTkAEOYiANDHg7ALlzk5U=',b49e1e3939838e1b65c5f5a95d888819,file:////imaging_storage/shared/users/Amulya/converted_v2/progeria/c2/Progeria_UT_2022-07-29_12.29.04_F02_C2_max_proj.tif,0,0,0,0,0,0,0,0,0,0,\\imaging_storage\shared\users\Amulya\converted_v2\progeria\c2,C:\\Users\\amulya\\documents\\progeria-prediction\\230721_progeria_c2_v2,65535,0,0.014044318348169327,0.014044318,-12.676331453778625,0.3305883025171852,file:////imaging_storage/shared/users/Amulya/converted_v2/progeria/c2/Progeria_UT_2022-07-29_12.29.04_F02_C2_max_proj.tif,file:///C:/Users/amulya/documents/progeria-prediction/230721_progeria_c2_v2/Progeria_UT_2022-07-29_12.29.04_F02_C2_max_proj.png,2048
-1,1.0,0.0,0.0,0.203125,0.0,0.78125,0.21875,0.453125,0.953125,Progeria_UT_2022-07-29_12.29.04_F03_C2_max_proj.tif,Progeria_UT_2022-07-29_12.29.04_F03_C2_max_proj.png,0,19,47,1,2048,19,b'eLsH6raDG01VNCsmYaUkMHlBUpG5rpFlvKERKDsbmACTk3G8s1F8bmJFPFBbll5JZhq4BoN5BxhKIGdi1nUgBqK+A4cTkAEOYiANDHg7ALnMk5Y=',7b389a5c9fdc041d0d2f5b702f48490a,file:////imaging_storage/shared/users/Amulya/converted_v2/progeria/c2/Progeria_UT_2022-07-29_12.29.04_F03_C2_max_proj.tif,0,0,0,0,0,0,0,0,0,0,\\imaging_storage\shared\users\Amulya\converted_v2\progeria\c2,C:\\Users\\amulya\\documents\\progeria-prediction\\230721_progeria_c2_v2,65535,0,0.06041669100522995,0.06041669,-12.269758101389572,1.05054543857932,file:////imaging_storage/shared/users/Amulya/converted_v2/progeria/c2/Progeria_UT_2022-07-29_12.29.04_F03_C2_max_proj.tif,file:///C:/Users/amulya/documents/progeria-prediction/230721_progeria_c2_v2/Progeria_UT_2022-07-29_12.29.04_F03_C2_max_proj.png,2048
-1,5.0,0.0,0.0,0.234375,0.0,0.578125,0.28125,0.3125,1.03125,Progeria_UT_2022-07-29_12.29.04_F04_C2_max_proj.tif,Progeria_UT_2022-07-29_12.29.04_F04_C2_max_proj.png,0,20,47,1,2048,20,b'eLsH6raDG01VNCsmYaUkMHlBUpG5rpFlvKERKDsbmACTk0m8s1F8bmJFPFBbll5JZhq4BoN5BxhKIGdi1nUgBqK+A4cTkAEOYiANDHg7ALolk5c=',e9037fc014cbccee98990f7577148b4f,file:////imaging_storage/shared/users/Amulya/converted_v2/progeria/c2/Progeria_UT_2022-07-29_12.29.04_F04_C2_max_proj.tif,0,0,0,0,0,0,0,0,0,0,\\imaging_storage\shared\users\Amulya\converted_v2\progeria\c2,C:\\Users\\amulya\\documents\\progeria-prediction\\230721_progeria_c2_v2,65535,0,0.07712667435407639,0.077126674,-12.34293427321989,1.22000724170357,file:////imaging_storage/shared/users/Amulya/converted_v2/progeria/c2/Progeria_UT_2022-07-29_12.29.04_F04_C2_max_proj.tif,file:///C:/Users/amulya/documents/progeria-prediction/230721_progeria_c2_v2/Progeria_UT_2022-07-29_12.29.04_F04_C2_max_proj.png,2048
-1,5.0,0.0,0.0,0.25,0.0,0.75,0.21875,0.328125,1.09375,Progeria_UT_2022-07-29_12.29.04_F05_C2_max_proj.tif,Progeria_UT_2022-07-29_12.29.04_F05_C2_max_proj.png,0,21,47,1,2048,21,b'eLsH6raDG01VNCsmYaUkMHlBUpG5rpFlvKERKDsbmACTk2m8s1F8bmJFPFBbll5JZhq4BoN5BxhKIGdi1nUgBqK+A4cTkAEOYiANDHg7ALp+k5g=',d5a7ec92240c4210a928c3e8aff4884f,file:////imaging_storage/shared/users/Amulya/converted_v2/progeria/c2/Progeria_UT_2022-07-29_12.29.04_F05_C2_max_proj.tif,0,0,0,0,0,0,0,0,0,0,\\imaging_storage\shared\users\Amulya\converted_v2\progeria\c2,C:\\Users\\amulya\\documents\\progeria-prediction\\230721_progeria_c2_v2,65535,0,0.06647505611181259,0.066475056,-12.399106749657012,1.0886324757011607,file:////imaging_storage/shared/users/Amulya/converted_v2/progeria/c2/Progeria_UT_2022-07-29_12.29.04_F05_C2_max_proj.tif,file:///C:/Users/amulya/documents/progeria-prediction/230721_progeria_c2_v2/Progeria_UT_2022-07-29_12.29.04_F05_C2_max_proj.png,2048
-1,6.0,0.0,0.0,0.1875,0.0,0.65625,0.234375,0.4375,0.90625,Progeria_UT_2022-07-29_12.29.04_F06_C2_max_proj.tif,Progeria_UT_2022-07-29_12.29.04_F06_C2_max_proj.png,0,22,47,1,2048,22,b'eLsH6raDG01VNCsmYaUkMHlBUpG5rpFlvKERKDsbmACTk1m8s1F8bmJFPFBbll5JZhq4BoN5BxhKIGdi1nUgBqK+A4cTkAEOYiANDHg7ALrXk5k=',19b61d458067fe46922c147b4dbb6d08,file:////imaging_storage/shared/users/Amulya/converted_v2/progeria/c2/Progeria_UT_2022-07-29_12.29.04_F06_C2_max_proj.tif,0,0,0,0,0,0,0,0,0,0,\\imaging_storage\shared\users\Amulya\converted_v2\progeria\c2,C:\\Users\\amulya\\documents\\progeria-prediction\\230721_progeria_c2_v2,65535,0,0.025225255638360977,0.025225256,-12.143513244969775,0.3309159821501453,file:////imaging_storage/shared/users/Amulya/converted_v2/progeria/c2/Progeria_UT_2022-07-29_12.29.04_F06_C2_max_proj.tif,file:///C:/Users/amulya/documents/progeria-prediction/230721_progeria_c2_v2/Progeria_UT_2022-07-29_12.29.04_F06_C2_max_proj.png,2048
-1,3.0,0.0,0.0,0.171875,0.0,0.546875,0.390625,0.4375,1.0625,Progeria_UT_2022-07-29_12.29.04_F07_C2_max_proj.tif,Progeria_UT_2022-07-29_12.29.04_F07_C2_max_proj.png,0,23,47,1,2048,23,b'eLsH6raDG01VNCsmYaUkMHlBUpG5rpFlvKERKDsbmACTk3m8s1F8bmJFPFBbll5JZhq4BoN5BxhKIGdi1nUgBqK+A4cTkAEOYiANDHg7ALswk5o=',613c09770e15aad647b4575cf82c5d5f,file:////imaging_storage/shared/users/Amulya/converted_v2/progeria/c2/Progeria_UT_2022-07-29_12.29.04_F07_C2_max_proj.tif,0,0,0,0,0,0,0,0,0,0,\\imaging_storage\shared\users\Amulya\converted_v2\progeria\c2,C:\\Users\\amulya\\documents\\progeria-prediction\\230721_progeria_c2_v2,65535,0,0.08939464390277863,0.089394644,-12.243182178213138,1.3076234695622588,file:////imaging_storage/shared/users/Amulya/converted_v2/progeria/c2/Progeria_UT_2022-07-29_12.29.04_F07_C2_max_proj.tif,file:///C:/Users/amulya/documents/progeria-prediction/230721_progeria_c2_v2/Progeria_UT_2022-07-29_12.29.04_F07_C2_max_proj.png,2048
-1,5.0,0.0,0.0,0.234375,0.0,0.5625,0.234375,0.34375,0.859375,Progeria_UT_2022-07-29_12.29.04_F08_C2_max_proj.tif,Progeria_UT_2022-07-29_12.29.04_F08_C2_max_proj.png,0,24,47,1,2048,24,b'eLsH6raDG01VNCsmYaUkMHlBUpG5rpFlvKERKDsbmACTk0W8s1F8bmJFPFBbll5JZhq4BoN5BxhKIGdi1nUgBqK+A4cTkAEOYiANDHg7ALuJk5s=',85393a17ca7b5c61e71eba920e3fdaf6,file:////imaging_storage/shared/users/Amulya/converted_v2/progeria/c2/Progeria_UT_2022-07-29_12.29.04_F08_C2_max_proj.tif,0,0,0,0,0,0,0,0,0,0,\\imaging_storage\shared\users\Amulya\converted_v2\progeria\c2,C:\\Users\\amulya\\documents\\progeria-prediction\\230721_progeria_c2_v2,65535,0,0.07859847694635391,0.07859848,-12.5532966584239,1.119235902062428,file:////imaging_storage/shared/users/Amulya/converted_v2/progeria/c2/Progeria_UT_2022-07-29_12.29.04_F08_C2_max_proj.tif,file:///C:/Users/amulya/documents/progeria-prediction/230721_progeria_c2_v2/Progeria_UT_2022-07-29_12.29.04_F08_C2_max_proj.png,2048
-1,3.0,0.0,0.0,0.359375,0.0,0.5,0.234375,0.3125,1.171875,Progeria_UT_2022-07-29_12.29.04_F09_C2_max_proj.tif,Progeria_UT_2022-07-29_12.29.04_F09_C2_max_proj.png,0,25,47,1,2048,25,b'eLsH6raDG01VNCsmYaUkMHlBUpG5rpFlvKERKDsbmACTk2W8s1F8bmJFPFBbll5JZhq4BoN5BxhKIGdi1nUgBqK+A4cTkAEOYiANDHg7ALvik5w=',0d4a2251130ed039966c7e5b88de7faf,file:////imaging_storage/shared/users/Amulya/converted_v2/progeria/c2/Progeria_UT_2022-07-29_12.29.04_F09_C2_max_proj.tif,0,0,0,0,0,0,0,0,0,0,\\imaging_storage\shared\users\Amulya\converted_v2\progeria\c2,C:\\Users\\amulya\\documents\\progeria-prediction\\230721_progeria_c2_v2,65535,0,0.08051109313964844,0.08051109,-12.323716256772771,0.5604389403299592,file:////imaging_storage/shared/users/Amulya/converted_v2/progeria/c2/Progeria_UT_2022-07-29_12.29.04_F09_C2_max_proj.tif,file:///C:/Users/amulya/documents/progeria-prediction/230721_progeria_c2_v2/Progeria_UT_2022-07-29_12.29.04_F09_C2_max_proj.png,2048
-1,6.0,0.0,0.0,0.1875,0.0,0.515625,0.4375,0.421875,0.953125,Progeria_UT_2022-07-29_12.29.04_F10_C2_max_proj.tif,Progeria_UT_2022-07-29_12.29.04_F10_C2_max_proj.png,0,26,47,1,2048,26,b'eLsH6raDG01VNCsmYaUkMHlBUpG5rpFlvKERKDsbmMS7GRrEOxvF5yZWxAO1ZemVZKaBazCYd4ChBHImZl0HYiDqO3A4ARngIAbSwIC3AwC5G5OU',d4317c34960062d0cb6738cfd784e951,file:////imaging_storage/shared/users/Amulya/converted_v2/progeria/c2/Progeria_UT_2022-07-29_12.29.04_F10_C2_max_proj.tif,0,0,0,0,0,0,0,0,0,0,\\imaging_storage\shared\users\Amulya\converted_v2\progeria\c2,C:\\Users\\amulya\\documents\\progeria-prediction\\230721_progeria_c2_v2,65535,0,0.02840604819357395,0.028406048,-12.441547112648466,0.7364571672210332,file:////imaging_storage/shared/users/Amulya/converted_v2/progeria/c2/Progeria_UT_2022-07-29_12.29.04_F10_C2_max_proj.tif,file:///C:/Users/amulya/documents/progeria-prediction/230721_progeria_c2_v2/Progeria_UT_2022-07-29_12.29.04_F10_C2_max_proj.png,2048
-1,8.0,0.0,0.0,0.1875,0.0,0.625,0.21875,0.390625,0.953125,Progeria_UT_2022-07-29_12.29.04_F11_C2_max_proj.tif,Progeria_UT_2022-07-29_12.29.04_F11_C2_max_proj.png,0,27,47,1,2048,27,b'eLsH6raDG01VNCsmYaUkMHlBUpG5rpFlvKERKDsbmMS7GRrGOxvF5yZWxAO1ZemVZKaBazCYd4ChBHImZl0HYiDqO3A4ARngIAbSwIC3AwC5dJOV',46ddb7c90a5b1149fd020586b43fe50b,file:////imaging_storage/shared/users/Amulya/converted_v2/progeria/c2/Progeria_UT_2022-07-29_12.29.04_F11_C2_max_proj.tif,0,0,0,0,0,0,0,0,0,0,\\imaging_storage\shared\users\Amulya\converted_v2\progeria\c2,C:\\Users\\amulya\\documents\\progeria-prediction\\230721_progeria_c2_v2,65535,0,0.01645534671843052,0.016455347,-12.880238733677356,0.6153194456326219,file:////imaging_storage/shared/users/Amulya/converted_v2/progeria/c2/Progeria_UT_2022-07-29_12.29.04_F11_C2_max_proj.tif,file:///C:/Users/amulya/documents/progeria-prediction/230721_progeria_c2_v2/Progeria_UT_2022-07-29_12.29.04_F11_C2_max_proj.png,2048
-1,22.0,0.0,0.0,0.140625,0.0,0.484375,0.21875,0.3125,1.078125,Progeria_UT_2022-07-29_12.29.04_F12_C2_max_proj.tif,Progeria_UT_2022-07-29_12.29.04_F12_C2_max_proj.png,0,28,47,1,2048,28,b'eLsH6raDG01VNCsmYaUkMHlBUpG5rpFlvKERKDsbmMS7GRrFOxvF5yZWxAO1ZemVZKaBazCYd4ChBHImZl0HYiDqO3A4ARngIAbSwIC3AwC5zZOW',e26058c923882282986aee7d3d844114,file:////imaging_storage/shared/users/Amulya/converted_v2/progeria/c2/Progeria_UT_2022-07-29_12.29.04_F12_C2_max_proj.tif,0,0,0,0,0,0,0,0,0,0,\\imaging_storage\shared\users\Amulya\converted_v2\progeria\c2,C:\\Users\\amulya\\documents\\progeria-prediction\\230721_progeria_c2_v2,65535,0,0.01176498457789421,0.011764985,-12.827566378404669,0.32383078800569365,file:////imaging_storage/shared/users/Amulya/converted_v2/progeria/c2/Progeria_UT_2022-07-29_12.29.04_F12_C2_max_proj.tif,file:///C:/Users/amulya/documents/progeria-prediction/230721_progeria_c2_v2/Progeria_UT_2022-07-29_12.29.04_F12_C2_max_proj.png,2048
-1,20.0,0.0,0.0,0.21875,0.0,0.453125,0.28125,0.3125,1.015625,UT_Progerin_LMN_K9me2_K9me3_2022-09-01_F00_C2_max_proj.tif,UT_Progerin_LMN_K9me2_K9me3_2022-09-01_F00_C2_max_proj.png,0,29,47,1,2048,29,b'eLsH6raDG01VA56qDOKdjeJzEyvigbqz9Eoy08AVGcxXwMACuRazygMxENUeOLiADHBIA2lg+NsBAEn3lsA=',312d9c0bc0f56a0e5c48c7d02f7b9c0d,file:////imaging_storage/shared/users/Amulya/converted_v2/progeria/c2/UT_Progerin_LMN_K9me2_K9me3_2022-09-01_F00_C2_max_proj.tif,0,0,0,0,0,0,0,0,0,0,\\imaging_storage\shared\users\Amulya\converted_v2\progeria\c2,C:\\Users\\amulya\\documents\\progeria-prediction\\230721_progeria_c2_v2,65535,0,0.052089158445596695,0.05208916,-13.164047913761799,1.2165639888335136,file:////imaging_storage/shared/users/Amulya/converted_v2/progeria/c2/UT_Progerin_LMN_K9me2_K9me3_2022-09-01_F00_C2_max_proj.tif,file:///C:/Users/amulya/documents/progeria-prediction/230721_progeria_c2_v2/UT_Progerin_LMN_K9me2_K9me3_2022-09-01_F00_C2_max_proj.png,2048
-1,21.0,0.0,0.0,0.1875,0.0,0.546875,0.234375,0.28125,0.828125,UT_Progerin_LMN_K9me2_K9me3_2022-09-01_F01_C2_max_proj.tif,UT_Progerin_LMN_K9me2_K9me3_2022-09-01_F01_C2_max_proj.png,0,30,47,1,2048,30,b'eLsH6raDG01VA56qDOOdjeJzEyvigbqz9Eoy08AVGcxXwMACuRazygMxENUeOLiADHBIA2lg+NsBAEpQlsE=',902dd3d8ae7489bddefe7710caaf721f,file:////imaging_storage/shared/users/Amulya/converted_v2/progeria/c2/UT_Progerin_LMN_K9me2_K9me3_2022-09-01_F01_C2_max_proj.tif,0,0,0,0,0,0,0,0,0,0,\\imaging_storage\shared\users\Amulya\converted_v2\progeria\c2,C:\\Users\\amulya\\documents\\progeria-prediction\\230721_progeria_c2_v2,65535,0,0.02753322385251522,0.027533224,-13.025406218835519,0.7585049641074875,file:////imaging_storage/shared/users/Amulya/converted_v2/progeria/c2/UT_Progerin_LMN_K9me2_K9me3_2022-09-01_F01_C2_max_proj.tif,file:///C:/Users/amulya/documents/progeria-prediction/230721_progeria_c2_v2/UT_Progerin_LMN_K9me2_K9me3_2022-09-01_F01_C2_max_proj.png,2048
-1,25.0,0.0,0.0,0.171875,0.0,0.53125,0.234375,0.265625,1.03125,UT_Progerin_LMN_K9me2_K9me3_2022-09-01_F02_C2_max_proj.tif,UT_Progerin_LMN_K9me2_K9me3_2022-09-01_F02_C2_max_proj.png,0,31,47,1,2048,31,b'eLsH6raDG01VA56qjOKdjeJzEyvigbqz9Eoy08AVGcxXwMACuRazygMxENUeOLiADHBIA2lg+NsBAEqplsI=',494c6a6693beabb58d636ff9255095a1,file:////imaging_storage/shared/users/Amulya/converted_v2/progeria/c2/UT_Progerin_LMN_K9me2_K9me3_2022-09-01_F02_C2_max_proj.tif,0,0,0,0,0,0,0,0,0,0,\\imaging_storage\shared\users\Amulya\converted_v2\progeria\c2,C:\\Users\\amulya\\documents\\progeria-prediction\\230721_progeria_c2_v2,65535,0,0.04788338765501976,0.047883388,-13.034614722518405,1.123548109540934,file:////imaging_storage/shared/users/Amulya/converted_v2/progeria/c2/UT_Progerin_LMN_K9me2_K9me3_2022-09-01_F02_C2_max_proj.tif,file:///C:/Users/amulya/documents/progeria-prediction/230721_progeria_c2_v2/UT_Progerin_LMN_K9me2_K9me3_2022-09-01_F02_C2_max_proj.png,2048
-1,22.0,0.0,0.0,0.171875,0.0,0.5,0.21875,0.3125,1.0,UT_Progerin_LMN_K9me2_K9me3_2022-09-01_F03_C2_max_proj.tif,UT_Progerin_LMN_K9me2_K9me3_2022-09-01_F03_C2_max_proj.png,0,32,47,1,2048,32,b'eLsH6raDG01VA56qjOOdjeJzEyvigbqz9Eoy08AVGcxXwMACuRazygMxENUeOLiADHBIA2lg+NsBAEsClsM=',a84d1bce976636028d457d1e89ef751a,file:////imaging_storage/shared/users/Amulya/converted_v2/progeria/c2/UT_Progerin_LMN_K9me2_K9me3_2022-09-01_F03_C2_max_proj.tif,0,0,0,0,0,0,0,0,0,0,\\imaging_storage\shared\users\Amulya\converted_v2\progeria\c2,C:\\Users\\amulya\\documents\\progeria-prediction\\230721_progeria_c2_v2,65535,0,0.04988984018564224,0.04988984,-13.201481647046478,1.3162184123934821,file:////imaging_storage/shared/users/Amulya/converted_v2/progeria/c2/UT_Progerin_LMN_K9me2_K9me3_2022-09-01_F03_C2_max_proj.tif,file:///C:/Users/amulya/documents/progeria-prediction/230721_progeria_c2_v2/UT_Progerin_LMN_K9me2_K9me3_2022-09-01_F03_C2_max_proj.png,2048
-1,22.0,0.0,0.0,0.203125,0.0,0.671875,0.1875,0.3125,0.984375,UT_Progerin_LMN_K9me2_K9me3_2022-09-01_F04_C2_max_proj.tif,UT_Progerin_LMN_K9me2_K9me3_2022-09-01_F04_C2_max_proj.png,0,33,47,1,2048,33,b'eLsH6raDG01VA56qTOKdjeJzEyvigbqz9Eoy08AVGcxXwMACuRazygMxENUeOLiADHBIA2lg+NsBAEtblsQ=',3c9ce4848a7ceee565d1705d92512c06,file:////imaging_storage/shared/users/Amulya/converted_v2/progeria/c2/UT_Progerin_LMN_K9me2_K9me3_2022-09-01_F04_C2_max_proj.tif,0,0,0,0,0,0,0,0,0,0,\\imaging_storage\shared\users\Amulya\converted_v2\progeria\c2,C:\\Users\\amulya\\documents\\progeria-prediction\\230721_progeria_c2_v2,65535,0,0.03329450264573097,0.033294503,-12.90900079492468,0.994003224780954,file:////imaging_storage/shared/users/Amulya/converted_v2/progeria/c2/UT_Progerin_LMN_K9me2_K9me3_2022-09-01_F04_C2_max_proj.tif,file:///C:/Users/amulya/documents/progeria-prediction/230721_progeria_c2_v2/UT_Progerin_LMN_K9me2_K9me3_2022-09-01_F04_C2_max_proj.png,2048
-1,30.0,0.0,0.0,0.359375,0.0,0.515625,0.21875,0.328125,1.15625,UT_Progerin_LMN_K9me2_K9me3_2022-09-01_F05_C2_max_proj.tif,UT_Progerin_LMN_K9me2_K9me3_2022-09-01_F05_C2_max_proj.png,0,34,47,1,2048,34,b'eLsH6raDG01VA56qTOOdjeJzEyvigbqz9Eoy08AVGcxXwMACuRazygMxENUeOLiADHBIA2lg+NsBAEu0lsU=',b5cc7ba9bda2c3fbcdd50e5fcfca8079,file:////imaging_storage/shared/users/Amulya/converted_v2/progeria/c2/UT_Progerin_LMN_K9me2_K9me3_2022-09-01_F05_C2_max_proj.tif,0,0,0,0,0,0,0,0,0,0,\\imaging_storage\shared\users\Amulya\converted_v2\progeria\c2,C:\\Users\\amulya\\documents\\progeria-prediction\\230721_progeria_c2_v2,65535,0,0.034929387271404266,0.034929387,-13.054627351627202,1.0256061146933462,file:////imaging_storage/shared/users/Amulya/converted_v2/progeria/c2/UT_Progerin_LMN_K9me2_K9me3_2022-09-01_F05_C2_max_proj.tif,file:///C:/Users/amulya/documents/progeria-prediction/230721_progeria_c2_v2/UT_Progerin_LMN_K9me2_K9me3_2022-09-01_F05_C2_max_proj.png,2048
-1,26.0,0.0,0.0,0.25,0.0,0.703125,0.265625,0.46875,1.234375,UT_Progerin_LMN_K9me2_K9me3_2022-09-01_F06_C2_max_proj.tif,UT_Progerin_LMN_K9me2_K9me3_2022-09-01_F06_C2_max_proj.png,0,35,47,1,2048,35,b'eLsH6raDG01VA56qzOKdjeJzEyvigbqz9Eoy08AVGcxXwMACuRazygMxENUeOLiADHBIA2lg+NsBAEwNlsY=',eac9499919a804f3e652fcf6ac845f12,file:////imaging_storage/shared/users/Amulya/converted_v2/progeria/c2/UT_Progerin_LMN_K9me2_K9me3_2022-09-01_F06_C2_max_proj.tif,0,0,0,0,0,0,0,0,0,0,\\imaging_storage\shared\users\Amulya\converted_v2\progeria\c2,C:\\Users\\amulya\\documents\\progeria-prediction\\230721_progeria_c2_v2,65535,0,0.02179577387869358,0.021795774,-12.797740566305183,0.789747217853801,file:////imaging_storage/shared/users/Amulya/converted_v2/progeria/c2/UT_Progerin_LMN_K9me2_K9me3_2022-09-01_F06_C2_max_proj.tif,file:///C:/Users/amulya/documents/progeria-prediction/230721_progeria_c2_v2/UT_Progerin_LMN_K9me2_K9me3_2022-09-01_F06_C2_max_proj.png,2048
-1,27.0,0.0,0.0,0.1875,0.0,0.859375,0.375,0.421875,1.109375,UT_Progerin_LMN_K9me2_K9me3_2022-09-01_F07_C2_max_proj.tif,UT_Progerin_LMN_K9me2_K9me3_2022-09-01_F07_C2_max_proj.png,0,36,47,1,2048,36,b'eLsH6raDG01VA56qzOOdjeJzEyvigbqz9Eoy08AVGcxXwMACuRazygMxENUeOLiADHBIA2lg+NsBAExmlsc=',34e2014ecda422caf3d112d9960f8424,file:////imaging_storage/shared/users/Amulya/converted_v2/progeria/c2/UT_Progerin_LMN_K9me2_K9me3_2022-09-01_F07_C2_max_proj.tif,0,0,0,0,0,0,0,0,0,0,\\imaging_storage\shared\users\Amulya\converted_v2\progeria\c2,C:\\Users\\amulya\\documents\\progeria-prediction\\230721_progeria_c2_v2,65535,0,0.04128405451774597,0.041284055,-13.180301589236747,1.096156840160802,file:////imaging_storage/shared/users/Amulya/converted_v2/progeria/c2/UT_Progerin_LMN_K9me2_K9me3_2022-09-01_F07_C2_max_proj.tif,file:///C:/Users/amulya/documents/progeria-prediction/230721_progeria_c2_v2/UT_Progerin_LMN_K9me2_K9me3_2022-09-01_F07_C2_max_proj.png,2048
-1,24.0,0.0,0.0,0.234375,0.0,0.640625,0.265625,0.375,1.109375,UT_Progerin_LMN_K9me2_K9me3_2022-09-01_F08_C2_max_proj.tif,UT_Progerin_LMN_K9me2_K9me3_2022-09-01_F08_C2_max_proj.png,0,37,47,1,2048,37,b'eLsH6raDG01VA56qLOKdjeJzEyvigbqz9Eoy08AVGcxXwMACuRazygMxENUeOLiADHBIA2lg+NsBAEy/lsg=',f3b016d717c0ca8645e8b088724d00aa,file:////imaging_storage/shared/users/Amulya/converted_v2/progeria/c2/UT_Progerin_LMN_K9me2_K9me3_2022-09-01_F08_C2_max_proj.tif,0,0,0,0,0,0,0,0,0,0,\\imaging_storage\shared\users\Amulya\converted_v2\progeria\c2,C:\\Users\\amulya\\documents\\progeria-prediction\\230721_progeria_c2_v2,65535,0,0.030581213533878326,0.030581214,-13.058554048860223,1.1082271023879002,file:////imaging_storage/shared/users/Amulya/converted_v2/progeria/c2/UT_Progerin_LMN_K9me2_K9me3_2022-09-01_F08_C2_max_proj.tif,file:///C:/Users/amulya/documents/progeria-prediction/230721_progeria_c2_v2/UT_Progerin_LMN_K9me2_K9me3_2022-09-01_F08_C2_max_proj.png,2048
-1,17.0,0.0,0.0,0.1875,0.0,0.609375,0.234375,0.421875,1.109375,UT_Progerin_LMN_K9me2_K9me3_2022-09-01_F09_C2_max_proj.tif,UT_Progerin_LMN_K9me2_K9me3_2022-09-01_F09_C2_max_proj.png,0,38,47,1,2048,38,b'eLsH6raDG01VA56qLOOdjeJzEyvigbqz9Eoy08AVGcxXwMACuRazygMxENUeOLiADHBIA2lg+NsBAE0Ylsk=',9818273eb79b8517d403c8353695b700,file:////imaging_storage/shared/users/Amulya/converted_v2/progeria/c2/UT_Progerin_LMN_K9me2_K9me3_2022-09-01_F09_C2_max_proj.tif,0,0,0,0,0,0,0,0,0,0,\\imaging_storage\shared\users\Amulya\converted_v2\progeria\c2,C:\\Users\\amulya\\documents\\progeria-prediction\\230721_progeria_c2_v2,65535,0,0.025598881766200066,0.025598882,-12.989233122146112,0.8762293031459194,file:////imaging_storage/shared/users/Amulya/converted_v2/progeria/c2/UT_Progerin_LMN_K9me2_K9me3_2022-09-01_F09_C2_max_proj.tif,file:///C:/Users/amulya/documents/progeria-prediction/230721_progeria_c2_v2/UT_Progerin_LMN_K9me2_K9me3_2022-09-01_F09_C2_max_proj.png,2048
-1,22.0,0.0,0.0,0.265625,0.0,0.578125,0.3125,0.375,1.109375,UT_Progerin_LMN_K9me2_K9me3_2022-09-01_F10_C2_max_proj.tif,UT_Progerin_LMN_K9me2_K9me3_2022-09-01_F10_C2_max_proj.png,0,39,47,1,2048,39,b'eLsH6raDG01VA52qDA3inY3icxMr4oG6s/RKMtPAFRnMV8DAArkWs8oDMRDVHji4gAxwSANpYPjbAQBKUZbB',12946650e3fa52e71a2a64fe06a95e3d,file:////imaging_storage/shared/users/Amulya/converted_v2/progeria/c2/UT_Progerin_LMN_K9me2_K9me3_2022-09-01_F10_C2_max_proj.tif,0,0,0,0,0,0,0,0,0,0,\\imaging_storage\shared\users\Amulya\converted_v2\progeria\c2,C:\\Users\\amulya\\documents\\progeria-prediction\\230721_progeria_c2_v2,65535,0,0.02887253277003765,0.028872533,-12.926541354935754,1.0236638121500619,file:////imaging_storage/shared/users/Amulya/converted_v2/progeria/c2/UT_Progerin_LMN_K9me2_K9me3_2022-09-01_F10_C2_max_proj.tif,file:///C:/Users/amulya/documents/progeria-prediction/230721_progeria_c2_v2/UT_Progerin_LMN_K9me2_K9me3_2022-09-01_F10_C2_max_proj.png,2048
-1,23.0,0.0,0.0,0.21875,0.0,0.671875,0.21875,0.328125,1.09375,UT_Progerin_LMN_K9me2_K9me3_2022-09-01_F11_C2_max_proj.tif,UT_Progerin_LMN_K9me2_K9me3_2022-09-01_F11_C2_max_proj.png,0,40,47,1,2048,40,b'eLsH6raDG01VA52qDA3jnY3icxMr4oG6s/RKMtPAFRnMV8DAArkWs8oDMRDVHji4gAxwSANpYPjbAQBKqpbC',e05411d0e6d2451366867d576ed0e24d,file:////imaging_storage/shared/users/Amulya/converted_v2/progeria/c2/UT_Progerin_LMN_K9me2_K9me3_2022-09-01_F11_C2_max_proj.tif,0,0,0,0,0,0,0,0,0,0,\\imaging_storage\shared\users\Amulya\converted_v2\progeria\c2,C:\\Users\\amulya\\documents\\progeria-prediction\\230721_progeria_c2_v2,65535,0,0.04843177646398544,0.048431776,-12.896482374728357,1.0640928290840748,file:////imaging_storage/shared/users/Amulya/converted_v2/progeria/c2/UT_Progerin_LMN_K9me2_K9me3_2022-09-01_F11_C2_max_proj.tif,file:///C:/Users/amulya/documents/progeria-prediction/230721_progeria_c2_v2/UT_Progerin_LMN_K9me2_K9me3_2022-09-01_F11_C2_max_proj.png,2048
-1,20.0,0.0,0.0,0.234375,0.0,0.703125,0.375,0.328125,1.28125,UT_Progerin_LMN_K9me2_K9me3_2022-09-01_F12_C2_max_proj.tif,UT_Progerin_LMN_K9me2_K9me3_2022-09-01_F12_C2_max_proj.png,0,41,47,1,2048,41,b'eLsH6raDG01VA52qDI3inY3icxMr4oG6s/RKMtPAFRnMV8DAArkWs8oDMRDVHji4gAxwSANpYPjbAQBLA5bD',b21b4b872872c028cb6f4d9678ec77ac,file:////imaging_storage/shared/users/Amulya/converted_v2/progeria/c2/UT_Progerin_LMN_K9me2_K9me3_2022-09-01_F12_C2_max_proj.tif,0,0,0,0,0,0,0,0,0,0,\\imaging_storage\shared\users\Amulya\converted_v2\progeria\c2,C:\\Users\\amulya\\documents\\progeria-prediction\\230721_progeria_c2_v2,65535,0,0.05143608897924423,0.05143609,-13.092317649186349,1.2344400955525998,file:////imaging_storage/shared/users/Amulya/converted_v2/progeria/c2/UT_Progerin_LMN_K9me2_K9me3_2022-09-01_F12_C2_max_proj.tif,file:///C:/Users/amulya/documents/progeria-prediction/230721_progeria_c2_v2/UT_Progerin_LMN_K9me2_K9me3_2022-09-01_F12_C2_max_proj.png,2048
-1,22.0,0.0,0.0,0.21875,0.0,0.640625,0.28125,0.359375,1.0625,UT_Progerin_LMN_K9me2_K9me3_2022-09-01_F13_C2_max_proj.tif,UT_Progerin_LMN_K9me2_K9me3_2022-09-01_F13_C2_max_proj.png,0,42,47,1,2048,42,b'eLsH6raDG01VA52qDI3jnY3icxMr4oG6s/RKMtPAFRnMV8DAArkWs8oDMRDVHji4gAxwSANpYPjbAQBLXJbE',3907abcca48d463716f4c24e0721e3c7,file:////imaging_storage/shared/users/Amulya/converted_v2/progeria/c2/UT_Progerin_LMN_K9me2_K9me3_2022-09-01_F13_C2_max_proj.tif,0,0,0,0,0,0,0,0,0,0,\\imaging_storage\shared\users\Amulya\converted_v2\progeria\c2,C:\\Users\\amulya\\documents\\progeria-prediction\\230721_progeria_c2_v2,65535,0,0.04143716022372246,0.04143716,-13.050655236803722,1.115708511723824,file:////imaging_storage/shared/users/Amulya/converted_v2/progeria/c2/UT_Progerin_LMN_K9me2_K9me3_2022-09-01_F13_C2_max_proj.tif,file:///C:/Users/amulya/documents/progeria-prediction/230721_progeria_c2_v2/UT_Progerin_LMN_K9me2_K9me3_2022-09-01_F13_C2_max_proj.png,2048
-1,17.0,0.0,0.0,0.1875,0.0,0.671875,0.34375,0.34375,0.953125,UT_Progerin_LMN_K9me2_K9me3_2022-09-01_F14_C2_max_proj.tif,UT_Progerin_LMN_K9me2_K9me3_2022-09-01_F14_C2_max_proj.png,0,43,47,1,2048,43,b'eLsH6raDG01VA52qDE3inY3icxMr4oG6s/RKMtPAFRnMV8DAArkWs8oDMRDVHji4gAxwSANpYPjbAQBLtZbF',c4b0910d84740c53220a99292db70e25,file:////imaging_storage/shared/users/Amulya/converted_v2/progeria/c2/UT_Progerin_LMN_K9me2_K9me3_2022-09-01_F14_C2_max_proj.tif,0,0,0,0,0,0,0,0,0,0,\\imaging_storage\shared\users\Amulya\converted_v2\progeria\c2,C:\\Users\\amulya\\documents\\progeria-prediction\\230721_progeria_c2_v2,65535,0,0.04030044749379158,0.040300447,-13.02426617761833,1.040008868992345,file:////imaging_storage/shared/users/Amulya/converted_v2/progeria/c2/UT_Progerin_LMN_K9me2_K9me3_2022-09-01_F14_C2_max_proj.tif,file:///C:/Users/amulya/documents/progeria-prediction/230721_progeria_c2_v2/UT_Progerin_LMN_K9me2_K9me3_2022-09-01_F14_C2_max_proj.png,2048
-1,28.0,0.0,0.0,0.1875,0.0,0.625,0.234375,0.390625,1.0625,UT_Progerin_LMN_K9me2_K9me3_2022-09-01_F15_C2_max_proj.tif,UT_Progerin_LMN_K9me2_K9me3_2022-09-01_F15_C2_max_proj.png,0,44,47,1,2048,44,b'eLsH6raDG01VA52qDE3jnY3icxMr4oG6s/RKMtPAFRnMV8DAArkWs8oDMRDVHji4gAxwSANpYPjbAQBMDpbG',d3e15a1c87c51c0311f3b4b14a1c2e12,file:////imaging_storage/shared/users/Amulya/converted_v2/progeria/c2/UT_Progerin_LMN_K9me2_K9me3_2022-09-01_F15_C2_max_proj.tif,0,0,0,0,0,0,0,0,0,0,\\imaging_storage\shared\users\Amulya\converted_v2\progeria\c2,C:\\Users\\amulya\\documents\\progeria-prediction\\230721_progeria_c2_v2,65535,0,0.03080582618713379,0.030805826,-12.941800544341483,0.7941300323955147,file:////imaging_storage/shared/users/Amulya/converted_v2/progeria/c2/UT_Progerin_LMN_K9me2_K9me3_2022-09-01_F15_C2_max_proj.tif,file:///C:/Users/amulya/documents/progeria-prediction/230721_progeria_c2_v2/UT_Progerin_LMN_K9me2_K9me3_2022-09-01_F15_C2_max_proj.png,2048
-1,29.0,0.0,0.0,0.203125,0.0,0.640625,0.203125,0.328125,1.09375,UT_Progerin_LMN_K9me2_K9me3_2022-09-01_F16_C2_max_proj.tif,UT_Progerin_LMN_K9me2_K9me3_2022-09-01_F16_C2_max_proj.png,0,45,47,1,2048,45,b'eLsH6raDG01VA52qDM3inY3icxMr4oG6s/RKMtPAFRnMV8DAArkWs8oDMRDVHji4gAxwSANpYPjbAQBMZ5bH',c8f529fce157baf5e6af22fe91a5817e,file:////imaging_storage/shared/users/Amulya/converted_v2/progeria/c2/UT_Progerin_LMN_K9me2_K9me3_2022-09-01_F16_C2_max_proj.tif,0,0,0,0,0,0,0,0,0,0,\\imaging_storage\shared\users\Amulya\converted_v2\progeria\c2,C:\\Users\\amulya\\documents\\progeria-prediction\\230721_progeria_c2_v2,65535,0,0.01621924340724945,0.016219243,-12.919979120114183,0.6744566886281973,file:////imaging_storage/shared/users/Amulya/converted_v2/progeria/c2/UT_Progerin_LMN_K9me2_K9me3_2022-09-01_F16_C2_max_proj.tif,file:///C:/Users/amulya/documents/progeria-prediction/230721_progeria_c2_v2/UT_Progerin_LMN_K9me2_K9me3_2022-09-01_F16_C2_max_proj.png,2048
-1,22.0,0.0,0.0,0.21875,0.0,0.640625,0.359375,0.375,1.265625,UT_Progerin_LMN_K9me2_K9me3_2022-09-01_F17_C2_max_proj.tif,UT_Progerin_LMN_K9me2_K9me3_2022-09-01_F17_C2_max_proj.png,0,46,47,1,2048,46,b'eLsH6raDG01VA52qDM3jnY3icxMr4oG6s/RKMtPAFRnMV8DAArkWs8oDMRDVHji4gAxwSANpYPjbAQBMwJbI',0c93e1d9d0a3e1abe229fccefc46ea91,file:////imaging_storage/shared/users/Amulya/converted_v2/progeria/c2/UT_Progerin_LMN_K9me2_K9me3_2022-09-01_F17_C2_max_proj.tif,0,0,0,0,0,0,0,0,0,0,\\imaging_storage\shared\users\Amulya\converted_v2\progeria\c2,C:\\Users\\amulya\\documents\\progeria-prediction\\230721_progeria_c2_v2,65535,0,0.02545083314180374,0.025450833,-12.733836516943363,0.7122685441991052,file:////imaging_storage/shared/users/Amulya/converted_v2/progeria/c2/UT_Progerin_LMN_K9me2_K9me3_2022-09-01_F17_C2_max_proj.tif,file:///C:/Users/amulya/documents/progeria-prediction/230721_progeria_c2_v2/UT_Progerin_LMN_K9me2_K9me3_2022-09-01_F17_C2_max_proj.png,2048
-1,33.0,0.0,0.0,0.203125,0.0,0.59375,0.265625,0.265625,1.0,UT_Progerin_LMN_K9me2_K9me3_2022-09-01_F18_C2_max_proj.tif,UT_Progerin_LMN_K9me2_K9me3_2022-09-01_F18_C2_max_proj.png,0,47,47,1,2048,47,b'eLsH6raDG01VA52qDC3inY3icxMr4oG6s/RKMtPAFRnMV8DAArkWs8oDMRDVHji4gAxwSANpYPjbAQBNGZbJ',817c3c90c4a706d5bd8fffc025e92f5a,file:////imaging_storage/shared/users/Amulya/converted_v2/progeria/c2/UT_Progerin_LMN_K9me2_K9me3_2022-09-01_F18_C2_max_proj.tif,0,0,0,0,0,0,0,0,0,0,\\imaging_storage\shared\users\Amulya\converted_v2\progeria\c2,C:\\Users\\amulya\\documents\\progeria-prediction\\230721_progeria_c2_v2,65535,0,0.035423118621110916,0.03542312,-12.833990774751632,0.978344817834568,file:////imaging_storage/shared/users/Amulya/converted_v2/progeria/c2/UT_Progerin_LMN_K9me2_K9me3_2022-09-01_F18_C2_max_proj.tif,file:///C:/Users/amulya/documents/progeria-prediction/230721_progeria_c2_v2/UT_Progerin_LMN_K9me2_K9me3_2022-09-01_F18_C2_max_proj.png,2048
